width,center,logM_low,logM_high,n,frac_Phi_better_logM,mean_delta_logM_minus_Phi,median_delta_logM_minus_Phi,p_mean_delta_one_sided,p_frac_one_sided,mean_abs_err_logM,mean_abs_err_Phi,names,tag
0.3,11.170000076293949,11.020000076293949,11.32000007629395,6,0.6666666666666666,0.05385807677162619,0.10856251910995476,0.08530489836721093,0.31322892369210265,0.385970616812408,0.33211254004078183,J0955+0101;J0959+0410;J1029+0420;J1420+6019;J1443+0304;J1538+5817,matched_forced_n4
0.3,11.145000076293949,10.995000076293948,11.295000076293949,6,0.6666666666666666,0.05385807677162619,0.10856251910995476,0.07330889703432189,0.3092302565811396,0.385970616812408,0.33211254004078183,J0955+0101;J0959+0410;J1029+0420;J1420+6019;J1443+0304;J1538+5817,matched_forced_n4
0.3,11.19500007629395,11.045000076293949,11.34500007629395,6,0.6666666666666666,0.03174667843243161,0.06312830205111497,0.18927024325224925,0.32855714761746085,0.42738057444249605,0.3956338960100645,J0959+0410;J1029+0420;J1153+4612;J1420+6019;J1443+0304;J1538+5817,matched_forced_n4
0.25,11.22000007629395,11.09500007629395,11.34500007629395,6,0.6666666666666666,0.03174667843243161,0.06312830205111497,0.1956014661779407,0.3242252582472509,0.42738057444249605,0.3956338960100645,J0959+0410;J1029+0420;J1153+4612;J1420+6019;J1443+0304;J1538+5817,matched_forced_n4
0.1,11.695000076293958,11.645000076293957,11.745000076293959,17,0.5294117647058824,0.011751371228536388,0.014290345439349511,0.24425191602799068,0.4631789403532156,0.281371285765959,0.2696199145374226,J0037-0942;J0157-0056;J0728+3835;J0822+2652;J0841+3824;J0936+0913;J0959+4416;J1112+0826;J1205+4910;J1432+6317;J1436-0000;J1531-0105;J1621+3931;J1627-0053;J2300+0022;J2303+1422;J2341+0000,matched_forced_n4
0.1,11.745000076293959,11.695000076293958,11.79500007629396,12,0.5833333333333334,0.009283258464031732,0.023091184598063953,0.33055648117294234,0.35188270576474506,0.26618380315663553,0.25690054469260376,J0037-0942;J0157-0056;J0959+4416;J1112+0826;J1205+4910;J1250+0523;J1402+6321;J1432+6317;J1621+3931;J1627-0053;J2303+1422;J2341+0000,matched_forced_n4
0.2,11.795000076293958,11.695000076293958,11.895000076293957,17,0.5882352941176471,0.008991998142233644,0.01788689931675963,0.29323558813728756,0.25558147284238586,0.27517871921221726,0.26618672106998365,J0037-0942;J0157-0056;J0956+5100;J0959+4416;J1020+1122;J1100+5329;J1112+0826;J1205+4910;J1250+0523;J1402+6321;J1432+6317;J1621+3931;J1627-0053;J1630+4520;J2303+1422;J2341+0000;J2347-0005,matched_forced_n4
0.25,11.820000076293958,11.695000076293958,11.945000076293958,18,0.5555555555555556,0.008440146299641627,0.012291465670249135,0.3015661446184605,0.3768743752082639,0.26718870301759434,0.25874855671795266,J0037-0942;J0157-0056;J0956+5100;J0959+4416;J1020+1122;J1100+5329;J1112+0826;J1205+4910;J1250+0523;J1402+6321;J1430+4105;J1432+6317;J1621+3931;J1627-0053;J1630+4520;J2303+1422;J2341+0000;J2347-0005,matched_forced_n4
0.25,11.770000076293957,11.645000076293957,11.895000076293957,24,0.5416666666666666,0.007154284897976423,0.010493188731544076,0.26657780739753417,0.34155281572809065,0.27285614361895355,0.2657018587209771,J0037-0942;J0157-0056;J0728+3835;J0822+2652;J0841+3824;J0936+0913;J0956+5100;J0959+4416;J1020+1122;J1100+5329;J1112+0826;J1205+4910;J1250+0523;J1402+6321;J1432+6317;J1436-0000;J1531-0105;J1621+3931;J1627-0053;J1630+4520;J2300+0022;J2303+1422;J2341+0000;J2347-0005,matched_forced_n4
0.3,11.22000007629395,11.07000007629395,11.37000007629395,7,0.5714285714285714,0.007152135762702881,0.03752371195360543,0.3842052649116961,0.481839386871043,0.45386266754343463,0.44671053178073183,J0959+0410;J1029+0420;J1106+5228;J1153+4612;J1420+6019;J1443+0304;J1538+5817,matched_forced_n4
0.1,11.595000076293957,11.545000076293956,11.645000076293957,11,0.8181818181818182,0.09812936725154052,0.07393199603084644,0.0026657780739753416,0.008997000999666778,0.5472741666437485,0.449144799392208,J0008-0004;J0029-0055;J0330-0020;J0946+1006;J1023+4230;J1142+1001;J1143-0144;J1218+0830;J1416+5136;J1636+4707;J2321-0939,measured_n_only
0.1,11.570000076293956,11.520000076293956,11.620000076293957,9,0.8888888888888888,0.09537941045657643,0.07393199603084644,0.00433188937020993,0.0036654448517160947,0.4799915807625578,0.3846121703059813,J0029-0055;J0330-0020;J0946+1006;J1023+4230;J1103+5322;J1142+1001;J1143-0144;J1218+0830;J2321-0939,measured_n_only
0.1,11.545000076293956,11.495000076293955,11.595000076293957,9,0.8888888888888888,0.08612738812290574,0.10071072121526714,0.010663112295901367,0.007997334221926024,0.325405026870686,0.23927763874778027,J0029-0055;J0330-0020;J0946+1006;J1023+4230;J1103+5322;J1134+6027;J1142+1001;J1218+0830;J1251-0208,measured_n_only
0.15,11.570000076293955,11.495000076293955,11.645000076293954,14,0.7857142857142857,0.07752171899999752,0.08732135862305679,0.0006664445184938354,0.0026657780739753416,0.4776450152742263,0.40012329627422893,J0008-0004;J0029-0055;J0330-0020;J0946+1006;J1023+4230;J1103+5322;J1134+6027;J1142+1001;J1143-0144;J1218+0830;J1251-0208;J1416+5136;J1636+4707;J2321-0939,measured_n_only
0.1,11.620000076293957,11.570000076293956,11.670000076293958,11,0.7272727272727273,0.07658780809721354,0.07057993213731084,0.004665111629456847,0.03532155948017328,0.5947671734465949,0.5181793653493814,J0008-0004;J0029-0055;J0330-0020;J0841+3824;J0946+1006;J1143-0144;J1218+0830;J1416+5136;J1636+4707;J2300+0022;J2321-0939,measured_n_only
0.15,11.620000076293955,11.545000076293956,11.695000076293955,18,0.7222222222222222,0.06660493185963344,0.06871243802709012,0.000999666777740753,0.004665111629456847,0.43836250296269025,0.37175757110305685,J0008-0004;J0029-0055;J0330-0020;J0728+3835;J0822+2652;J0841+3824;J0936+0913;J0946+1006;J1023+4230;J1142+1001;J1143-0144;J1218+0830;J1416+5136;J1436-0000;J1531-0105;J1636+4707;J2300+0022;J2321-0939,measured_n_only
0.15,11.545000076293954,11.470000076293955,11.620000076293953,14,0.7142857142857143,0.06435771766505424,0.07225596408407864,0.004665111629456847,0.02432522492502499,0.41744659558964375,0.35308887792458954,J0029-0055;J0044+0113;J0330-0020;J0946+1006;J1016+3859;J1023+4230;J1103+5322;J1134+6027;J1142+1001;J1143-0144;J1213+6708;J1218+0830;J1251-0208;J2321-0939,measured_n_only
0.15,11.595000076293955,11.520000076293956,11.670000076293954,14,0.7142857142857143,0.06152947570147229,0.06871243802709012,0.00866377874041986,0.020993002332555816,0.522077052533068,0.46054757683159575,J0008-0004;J0029-0055;J0330-0020;J0841+3824;J0946+1006;J1023+4230;J1103+5322;J1142+1001;J1143-0144;J1218+0830;J1416+5136;J1636+4707;J2300+0022;J2321-0939,measured_n_only
0.2,11.595000076293955,11.495000076293955,11.695000076293955,21,0.7142857142857143,0.057369990462210536,0.07057993213731084,0.0006664445184938354,0.0023325558147284237,0.40750187781363617,0.3501318873514257,J0008-0004;J0029-0055;J0330-0020;J0728+3835;J0822+2652;J0841+3824;J0936+0913;J0946+1006;J1023+4230;J1103+5322;J1134+6027;J1142+1001;J1143-0144;J1218+0830;J1251-0208;J1416+5136;J1436-0000;J1531-0105;J1636+4707;J2300+0022;J2321-0939,measured_n_only
0.2,11.545000076293954,11.445000076293955,11.645000076293954,20,0.65,0.04837362018938106,0.07225596408407864,0.004665111629456847,0.024991669443518827,0.4492497102902166,0.40087609010083564,J0008-0004;J0029-0055;J0044+0113;J0252+0039;J0330-0020;J0946+1006;J1016+3859;J1023+4230;J1103+5322;J1134+6027;J1142+1001;J1143-0144;J1204+0358;J1213+6708;J1218+0830;J1251-0208;J1416+5136;J1636+4707;J2238-0754;J2321-0939,measured_n_only
0.1,11.595000076293957,11.545000076293956,11.645000076293957,12,0.75,0.07125306455510262,0.0637881760988793,0.002999000333222259,0.016661112962345886,0.49769121690477097,0.4264381523496683,J0008-0004;J0029-0055;J0330-0020;J0946+1006;J1023+4230;J1142+1001;J1143-0144;J1218+0830;J1313+4615;J1416+5136;J1636+4707;J2321-0939,measured_plus_fallback
0.1,11.570000076293956,11.520000076293956,11.620000076293957,10,0.8,0.06902010274818357,0.06640591928035011,0.007997334221926024,0.01766077974008664,0.4410543946706925,0.37203429192250886,J0029-0055;J0330-0020;J0946+1006;J1023+4230;J1103+5322;J1142+1001;J1143-0144;J1218+0830;J1313+4615;J2321-0939,measured_plus_fallback
0.1,11.545000076293956,11.495000076293955,11.595000076293957,10,0.8,0.05447390816885178,0.061405329124114644,0.019326891036321226,0.013995334888370544,0.29540764076668263,0.24093373259783082,J0029-0055;J0330-0020;J0946+1006;J1023+4230;J1103+5322;J1134+6027;J1142+1001;J1218+0830;J1251-0208;J1313+4615,measured_plus_fallback
0.15,11.570000076293955,11.495000076293955,11.645000076293954,15,0.7333333333333333,0.05213814899822898,0.06293513964407733,0.00433188937020993,0.008997000999666778,0.44476465583278474,0.3926265068345557,J0008-0004;J0029-0055;J0330-0020;J0946+1006;J1023+4230;J1103+5322;J1134+6027;J1142+1001;J1143-0144;J1218+0830;J1251-0208;J1313+4615;J1416+5136;J1636+4707;J2321-0939,measured_plus_fallback
0.1,11.620000076293957,11.570000076293956,11.670000076293958,13,0.6153846153846154,0.050793355901248116,0.028462251947873107,0.008997000999666778,0.10963012329223593,0.5420227215237232,0.49122936562247504,J0008-0004;J0029-0055;J0330-0020;J0841+3824;J0946+1006;J1143-0144;J1218+0830;J1313+4615;J1318-0313;J1416+5136;J1636+4707;J2300+0022;J2321-0939,measured_plus_fallback
0.15,11.620000076293955,11.545000076293956,11.695000076293955,20,0.65,0.04738856335501934,0.039073783276035515,0.0006664445184938354,0.019993335554815063,0.41787328973191473,0.37048472637689533,J0008-0004;J0029-0055;J0330-0020;J0728+3835;J0822+2652;J0841+3824;J0936+0913;J0946+1006;J1023+4230;J1142+1001;J1143-0144;J1218+0830;J1313+4615;J1318-0313;J1416+5136;J1436-0000;J1531-0105;J1636+4707;J2300+0022;J2321-0939,measured_plus_fallback
0.15,11.545000076293954,11.470000076293955,11.620000076293953,16,0.6875,0.044055177385575336,0.05216267342270413,0.01166277907364212,0.022325891369543487,0.38612340768176995,0.3420682302961946,J0029-0055;J0044+0113;J0330-0020;J0946+1006;J1016+3859;J1023+4230;J1103+5322;J1134+6027;J1142+1001;J1143-0144;J1213+6708;J1218+0830;J1251-0208;J1313+4615;J1614+4522;J2321-0939,measured_plus_fallback
0.15,11.595000076293955,11.520000076293956,11.670000076293954,16,0.625,0.0386118426418737,0.039073783276035515,0.01866044651782739,0.06597800733088971,0.486069558439407,0.44745771579753335,J0008-0004;J0029-0055;J0330-0020;J0841+3824;J0946+1006;J1023+4230;J1103+5322;J1142+1001;J1143-0144;J1218+0830;J1313+4615;J1318-0313;J1416+5136;J1636+4707;J2300+0022;J2321-0939,measured_plus_fallback
0.2,11.595000076293955,11.495000076293955,11.695000076293955,23,0.6521739130434783,0.038035075104895226,0.04968531460419792,0.003332222592469177,0.00866377874041986,0.39376700127273095,0.3557319261678358,J0008-0004;J0029-0055;J0330-0020;J0728+3835;J0822+2652;J0841+3824;J0936+0913;J0946+1006;J1023+4230;J1103+5322;J1134+6027;J1142+1001;J1143-0144;J1218+0830;J1251-0208;J1313+4615;J1318-0313;J1416+5136;J1436-0000;J1531-0105;J1636+4707;J2300+0022;J2321-0939,measured_plus_fallback
0.2,11.570000076293955,11.470000076293955,11.670000076293954,22,0.5909090909090909,0.02874869513442496,0.01826802245129109,0.013328890369876709,0.05931356214595135,0.4338428868741776,0.4050941917397527,J0008-0004;J0029-0055;J0044+0113;J0330-0020;J0841+3824;J0946+1006;J1016+3859;J1023+4230;J1103+5322;J1134+6027;J1142+1001;J1143-0144;J1213+6708;J1218+0830;J1251-0208;J1313+4615;J1318-0313;J1416+5136;J1614+4522;J1636+4707;J2300+0022;J2321-0939,measured_plus_fallback
