state,group,cell_index,n_rows,n_cols,kind,n_coeff,n_positive,beta_min_positive,beta_max,beta_mean,beta_cv,beta_edge_to_center,rho_edge_fraction,rho_center_fraction,rho_edge_to_center,r2_flat,r2_parabola,r2_triangle
ground,dataMPSEdges,0,14,2,mps_or_fit,14,13,3.7058,24.606,17.102561538461536,0.3932395903562958,0.7459228462880119,0.3000441041570489,0.05092101306335049,2.9461717875071147,0.0,0.0610805076223242,0.05694823944044547
ground,dataMPSEdges,1,12,2,mps_or_fit,12,11,3.7611,21.9291,15.117281818181818,0.38536324147293843,0.7734657257093308,0.32362133779887625,0.06256175688581751,2.5864150393787924,0.0,0.052251632453650165,0.048437419498475576
ground,dataMPSEdges,2,10,2,mps_or_fit,10,9,3.7541,19.1554,13.139288888888888,0.38418719217216374,0.7987190929755812,0.358764996516041,0.07852355735754601,2.2844418196851097,1.1102230246251565e-16,0.04360335958185857,0.040385709500812994
ground,dataMPSEdges,3,8,2,mps_or_fit,8,7,3.7339,15.9463,10.950928571428571,0.37733592780989766,0.831806116755989,0.4111201820678108,0.1051440012343205,1.9550339403177257,0.0,0.03476586532196846,0.03202512752594877
ground,dataMPSEdges,4,6,2,mps_or_fit,6,5,3.6895,12.2922,8.564620000000001,0.3593672362474452,0.8729257928141488,0.5020418865583403,0.15563184247308265,1.61291506474702,0.0,0.02451722949200652,0.022750369019281846
ground,dataMPSEdges,5,4,2,mps_or_fit,4,3,3.5899,8.1563,6.002300000000001,0.3120733369066037,0.9380899899372275,0.7152268368731834,0.2847731631268166,1.2557834260433365,0.0,0.00951494533193653,0.00951494533193653
ground,databulk,0,5,4,experimental,5,3,3.10698394930509,4.37897655859897,3.5442078478993864,0.166607849967714,0.7140534896012334,0.7369129574812225,0.2630870425187776,1.4005116907812478,0.0,0.9992474371182754,0.9992474371182754
ground,databulk,1,7,4,experimental,7,5,3.57371351967127,7.14756743260181,5.46387781696411,0.27368737574210045,0.5124259575139462,0.5476656382733223,0.1402364026365807,1.9526514798464447,0.0,0.9968046612288856,0.8925969358955983
ground,databulk,2,9,4,experimental,9,7,4.22027378962186,11.4882948044632,8.444730822140356,0.3217635901964355,0.3893567100793016,0.46968788982457094,0.09114607129366027,2.576566840227816,0.0,0.9640590842256402,0.8720926977529762
ground,databulk,3,11,4,experimental,11,9,4.60072571428804,18.0425828331178,11.924531826857978,0.39903551351680766,0.28466125726092617,0.4311614991120625,0.061080250394298936,3.529467350974595,-2.220446049250313e-16,0.9698768315782716,0.9386381408136891
ground,databulk,4,13,4,experimental,13,11,4.73217287246589,23.0571859311509,15.176107000315312,0.37863063219539694,0.2406961619227439,0.39953508184684344,0.04703969397535185,4.246786576207259,0.0,0.9348686735913031,0.8883692149221444
ground,databulk,5,15,2,mps_or_fit,15,13,5.5171395193251,29.2540484739183,20.02302832490981,0.4086507138891562,0.18859405132400575,0.40681663026937287,0.03836159822424059,5.30239417934765,0.0,1.0,0.9323467230443978
ground,databulk,6,17,2,mps_or_fit,17,15,5.88867372252639,37.0497708711027,25.178876719264125,0.4188554804666976,0.15893954494383428,0.3978783854525657,0.03161930476340915,6.291700409444218,-2.220446049250313e-16,1.0,0.9335556084782083
ground,databulk,7,19,2,mps_or_fit,19,17,6.38024173245671,46.8013549882556,31.643437517331,0.42621336279245303,0.13632600453678695,0.3917261804857112,0.026701232529036646,7.335357647998511,0.0,1.0,0.9343907714491709
ground,databulk,8,21,2,mps_or_fit,21,19,7.2297602746382,55.096261288635,37.36792757974731,0.4225681466089621,0.1312205239619321,0.3666864870852175,0.024058396482541242,7.620759084075189,0.0,1.0,0.9349893803675315
ground,dataedges,0,4,4,experimental,4,3,2.96359626987579,5.1124530445849,4.119073603322007,0.21478697696124172,0.9432055364915287,0.6953065565079682,0.3046934434920318,1.1409936304161916,0.0,0.01678455160561343,0.01678455160561365
ground,dataedges,1,6,4,experimental,6,5,3.43982442748253,6.69275906868236,5.755757532146769,0.2040071490100363,0.7208226708683673,0.48952924335869236,0.16190155108080964,1.5118114684224195,-2.220446049250313e-16,0.44123773858328663,0.4061356141509652
ground,dataedges,2,8,4,experimental,8,7,3.87652442302381,10.242895897292,7.889369946483852,0.2393156549186196,0.5671406355243874,0.39963340414021165,0.10078131176700642,1.9826761387275513,4.440892098500626e-16,0.6388665826566036,0.6519712365688601
ground,dataedges,3,10,4,experimental,10,9,4.75186069335523,14.7941978317166,11.222301359456743,0.2861839372049898,0.4577054564356129,0.3627696117246435,0.07636356725373708,2.3752793692786156,1.1102230246251565e-16,0.9066868108881285,0.8625944731404052
ground,dataedges,4,12,4,experimental,12,11,4.62145043378596,23.0940702718845,15.513923557195865,0.36582733445273913,0.3257231834924656,0.3550628079299408,0.04922669294439474,3.6064052518316743,-2.220446049250313e-16,0.8972455770301956,0.9031885984849745
ground,dataedges,5,14,4,experimental,14,13,5.3890441546101,31.9023022051295,21.109626217789604,0.3979262813908233,0.25763873408167637,0.34808686655995685,0.039888399170201656,4.363259416286536,2.220446049250313e-16,0.9342435763074888,0.921892050893309
excited,dataMPS,0,5,2,mps_or_fit,5,3,0.986075164756715,1.11444808406676,1.0336573756482885,0.05555829762630678,0.8912591224658177,0.6917513073407826,0.3082486926592173,1.122066895682741,0.0,0.9895591553464756,0.9895591553464756
excited,dataMPS,1,7,2,mps_or_fit,7,5,0.997814513908333,1.26898398275446,1.1473406361533924,0.09161078847715344,0.8062741944156863,0.44493211382491243,0.17925866575578214,1.241033765226942,0.0,0.97152658775628,0.8852373419775852
excited,dataMPS,2,9,2,mps_or_fit,9,7,1.07775816253267,1.37056180060117,1.2570042564690842,0.09259285726548135,0.7928123187011914,0.329543995529339,0.13063280699376315,1.2613370374299335,0.0,0.9672802080905386,0.8176835295385182
excited,dataMPS,3,11,2,mps_or_fit,11,9,1.08674434893807,1.4817464125932,1.3562839663609878,0.10296985023925577,0.7551399408813692,0.2674356585037443,0.10091377072035922,1.325070189106458,0.0,0.9212416785462729,0.76985622998773
excited,databulk,1,5,4,experimental,5,3,1.12762874034061,1.27571919088668,1.1769922238559667,0.059312633047557954,0.8839161066134462,0.693501449440074,0.306498550559926,1.131329084873571,0.0,1.0,1.0
excited,databulk,2,7,4,experimental,7,5,1.08329961050898,1.5254457873647,1.3253691372311842,0.14998247465746928,0.7101528087605432,0.4777099389840127,0.16962352747116213,1.4081476376124433,1.1102230246251565e-16,0.9872494631657491,0.8462590044156202
excited,databulk,3,9,4,experimental,9,7,1.15740942265283,1.74849978598384,1.4399508782815826,0.1387788068722689,0.6619442747038042,0.34826291457089487,0.11526532119593197,1.5107011846993665,-2.220446049250313e-16,0.9473539909108507,0.9453902276399003
excited,databulk,4,11,4,experimental,11,9,1.19251817586821,1.78667950646824,1.55299516911985,0.137766547172886,0.7307738241951065,0.2832179126269398,0.10348411854547217,1.3684124511457787,1.1102230246251565e-16,0.9165032359259863,0.7213004992859509
excited,databulk,5,13,4,experimental,13,11,1.27191280286353,1.91455907264992,1.6777000280543772,0.12880543861352856,0.7452528285136661,0.2352576864655544,0.08766322813401783,1.341826507380592,0.0,0.829981240295379,0.5986430649569973
excited,dataedges,0,4,2,mps_or_fit,4,3,1.09231548634939,1.50019682201817,1.3464015093849369,0.13442415650211173,0.8960137729740517,0.6959342178931007,0.30406578210689916,1.1443810169478952,0.0,0.1535280026393525,0.1535280026393525
excited,dataedges,1,6,2,mps_or_fit,6,5,1.30635194511943,1.61092038086777,1.466195437846292,0.07594702783289645,1.0129808340854196,0.408554441750028,0.20515857513454638,0.9957040340187857,1.1102230246251565e-16,0.015247623868002491,0.0003921804932698336
excited,dataedges,2,8,2,mps_or_fit,8,7,1.12405660328496,1.69834891071912,1.5039280010042844,0.11561639534095605,0.8842714674037545,0.3197676050078426,0.13697601666781797,1.1672393926570173,2.220446049250313e-16,0.2085196181941973,0.14838291069132714
excited,dataedges,3,10,2,mps_or_fit,10,10,3.8235469712441e-08,1.71043409673637,1.402551074195831,0.34149689337421835,0.47261944262305094,0.9999998017114594,2.235424404804554e-08,22367112.91963574,0.0,0.2935865393337729,0.23840129572142166
excited,dataedges,4,12,2,mps_or_fit,12,11,1.07340962431509,1.73592621572957,1.5765240157141316,0.11252419311680853,0.8250017589673735,0.21825455403652208,0.08630786891857685,1.2643954529941193,0.0,0.2619919264154169,0.1896336380394642
