feature,variant,amp_mode,loo_improvement_pct,loo_rmse_log,loo_pearson_C,loo_spearman_C,full_improvement_pct,full_pearson_C
norm_rawS_amp_logMstar_amp_factor,norm_rawS,amp_logMstar,12.917284192171923,0.4461033516645157,0.4937923418426359,0.5358236374770361,15.228447128682557,0.5303748626619816
rawL_rawS_amp_logMstar_amp_factor,rawL_rawS,amp_logMstar,12.917284192171923,0.4461033516645157,0.4937923418426359,0.5358236374770361,15.228447128682557,0.5303748626619816
rawL_zS_amp_logMstar_amp_factor,rawL_zS,amp_logMstar,12.917284192171923,0.4461033516645157,0.4937923418426359,0.5358236374770361,15.228447128682557,0.5303748626619816
norm_zS_amp_logMstar_amp_factor,norm_zS,amp_logMstar,12.917284192171923,0.4461033516645157,0.4937923418426359,0.5358236374770361,15.228447128682557,0.5303748626619816
norm_zS_amp_sqrtMstar_amp_factor,norm_zS,amp_sqrtMstar,12.254543573429856,0.44949840897941945,0.4815022341314762,0.5396028343976905,14.55987280023733,0.5195346937986021
rawL_zS_amp_sqrtMstar_amp_factor,rawL_zS,amp_sqrtMstar,12.254543573429856,0.44949840897941945,0.4815022341314762,0.5396028343976905,14.55987280023733,0.5195346937986021
rawL_rawS_amp_sqrtMstar_amp_factor,rawL_rawS,amp_sqrtMstar,12.254543573429856,0.44949840897941945,0.4815022341314762,0.5396028343976905,14.55987280023733,0.5195346937986021
norm_rawS_amp_sqrtMstar_amp_factor,norm_rawS,amp_sqrtMstar,12.254543573429856,0.44949840897941945,0.4815022341314762,0.5396028343976905,14.55987280023733,0.5195346937986021
rawL_zS_amp_sqrtMstar_phi_mid_mean,rawL_zS,amp_sqrtMstar,10.489524181492053,0.4585401695537439,0.4492402951325949,0.4809203044353075,12.683726788507451,0.4873407705831307
rawL_zS_amp_sqrtMstar_phi_inner_minus_outer,rawL_zS,amp_sqrtMstar,10.445215911213838,0.45876714993319356,0.4482994447716216,0.475531449566967,12.628096087876125,0.4863425898672189
norm_zS_amp_Mstar_amp_factor,norm_zS,amp_Mstar,9.966911008384987,0.4612173884023335,0.4387463413640422,0.5347388679905519,12.506871517651163,0.48415811702030737
rawL_rawS_amp_Mstar_amp_factor,rawL_rawS,amp_Mstar,9.966911008384987,0.4612173884023335,0.4387463413640422,0.5347388679905519,12.506871517651163,0.48415811702030737
norm_rawS_amp_Mstar_amp_factor,norm_rawS,amp_Mstar,9.966911008384987,0.4612173884023335,0.4387463413640422,0.5347388679905519,12.506871517651163,0.48415811702030737
rawL_zS_amp_Mstar_amp_factor,rawL_zS,amp_Mstar,9.966911008384987,0.4612173884023335,0.4387463413640422,0.5347388679905519,12.506871517651163,0.48415811702030737
norm_rawS_amp_sqrtMstar_phi_mid_mean,norm_rawS,amp_sqrtMstar,9.232075898762872,0.46498176807609787,0.4224744895953711,0.48340477648499697,11.563518861483574,0.466702097435179
norm_zS_shape_norm_force_inner_mean,norm_zS,shape_norm,8.97494355188696,0.46629899389638396,0.41984961117712466,0.41786370396290784,11.634033424648713,0.4680360058972321
norm_zS_amp_Mstar_force_inner_mean,norm_zS,amp_Mstar,8.97494355188696,0.46629899389638396,0.4198496111771248,0.41786370396290784,11.634033424648713,0.46803600589723227
norm_zS_amp_logMstar_force_inner_mean,norm_zS,amp_logMstar,8.97494355188694,0.4662989938963841,0.41984961117712444,0.41786370396290784,11.63403342464869,0.4680360058972319
norm_zS_amp_sqrtMstar_force_inner_mean,norm_zS,amp_sqrtMstar,8.97494355188694,0.4662989938963841,0.41984961117712444,0.41786370396290784,11.634033424648681,0.46803600589723193
norm_zS_shape_norm_force_inner_minus_outer,norm_zS,shape_norm,8.974658150227372,0.4663004559389458,0.419842992175563,0.4176537485784271,11.633808878906727,0.4680317659349646
norm_zS_amp_Mstar_force_inner_minus_outer,norm_zS,amp_Mstar,8.974658150227372,0.4663004559389458,0.41984299217556303,0.4176537485784271,11.633808878906759,0.4680317659349646
norm_zS_amp_logMstar_force_inner_minus_outer,norm_zS,amp_logMstar,8.974658150227352,0.4663004559389459,0.41984299217556253,0.4176537485784271,11.633808878906727,0.46803176593496415
norm_zS_amp_sqrtMstar_force_inner_minus_outer,norm_zS,amp_sqrtMstar,8.974658150227352,0.4663004559389459,0.4198429921755627,0.4176537485784271,11.633808878906716,0.46803176593496426
norm_zS_amp_Mstar_grad_rms,norm_zS,amp_Mstar,8.932799815023467,0.466514885903105,0.4189530116394935,0.41712886011722505,11.601093075628897,0.4674134867691629
norm_zS_shape_norm_grad_rms,norm_zS,shape_norm,8.932799815023454,0.4665148859031051,0.41895301163949356,0.41712886011722505,11.60109307562891,0.46741348676916283
norm_zS_amp_sqrtMstar_grad_rms,norm_zS,amp_sqrtMstar,8.932799815023444,0.46651488590310514,0.4189530116394932,0.41712886011722505,11.601093075628887,0.46741348676916256
norm_zS_amp_logMstar_grad_rms,norm_zS,amp_logMstar,8.932799815023433,0.4665148859031052,0.4189530116394932,0.41712886011722505,11.601093075628887,0.4674134867691624
norm_rawS_amp_sqrtMstar_phi_inner_minus_outer,norm_rawS,amp_sqrtMstar,8.867937143197889,0.466847161430239,0.4147143327382848,0.46912781034030265,11.211788544865476,0.45997458232577165
norm_zS_amp_logMstar_force_outer_mean,norm_zS,amp_logMstar,8.782781013493977,0.4672833953547703,0.4166281979982035,0.3909894147493657,11.52696041434728,0.4660086063756811
norm_zS_shape_norm_force_outer_mean,norm_zS,shape_norm,8.782781013493958,0.4672833953547704,0.4166281979982036,0.3909894147493657,11.526960414347302,0.4660086063756815
norm_zS_amp_Mstar_force_outer_mean,norm_zS,amp_Mstar,8.782781013493837,0.46728339535477104,0.41662819799820094,0.3909894147493657,11.526960414347162,0.46600860637567876
norm_zS_amp_sqrtMstar_force_outer_mean,norm_zS,amp_sqrtMstar,8.78278101349376,0.4672833953547714,0.4166281979981995,0.3909894147493657,11.526960414347085,0.4660086063756775
norm_zS_amp_logMstar_force_mid_mean,norm_zS,amp_logMstar,8.771098310263874,0.4673432429722809,0.41607092345454666,0.4043565742279765,11.465922261841989,0.4648478039778409
norm_zS_shape_norm_force_mid_mean,norm_zS,shape_norm,8.771098310263863,0.46734324297228097,0.41607092345454644,0.4043565742279765,11.465922261842,0.464847803977841
norm_zS_amp_Mstar_force_mid_mean,norm_zS,amp_Mstar,8.771098310263746,0.4673432429722816,0.41607092345454333,0.4043565742279765,11.465922261841815,0.46484780397783765
norm_zS_amp_sqrtMstar_force_mid_mean,norm_zS,amp_sqrtMstar,8.771098310263614,0.46734324297228225,0.41607092345454116,0.4043565742279765,11.465922261841728,0.4648478039778359
norm_rawS_shape_norm_phi_mid_mean,norm_rawS,shape_norm,8.64038850550738,0.4680128371788507,0.4130298516832007,0.42020820575627676,11.412474020584245,0.46382829849455554
norm_zS_shape_norm_force_mid_minus_outer,norm_zS,shape_norm,8.53486397059204,0.46855341343754775,0.4104512478774497,0.41009535473711833,11.149100000798551,0.45876235385431885
norm_zS_amp_logMstar_force_mid_minus_outer,norm_zS,amp_logMstar,8.53486397059203,0.4685534134375478,0.41045124787744974,0.41009535473711833,11.14910000079856,0.45876235385431907
norm_zS_amp_Mstar_force_mid_minus_outer,norm_zS,amp_Mstar,8.534863970591813,0.4685534134375489,0.41045124787744464,0.41009535473711833,11.149100000798333,0.45876235385431446
norm_zS_amp_sqrtMstar_force_mid_minus_outer,norm_zS,amp_sqrtMstar,8.534863970591672,0.46855341343754964,0.4104512478774419,0.41009535473711833,11.149100000798171,0.4587623538543113
norm_rawS_shape_norm_phi_inner_minus_outer,norm_rawS,shape_norm,8.354410833200108,0.4694778305123042,0.4074271668692994,0.424722246522614,11.211533487096341,0.45996965839587095
rawL_zS_shape_norm_force_inner_mean,rawL_zS,shape_norm,7.889073640709731,0.47186163858832025,0.39743553708756135,0.40579126935526194,10.770238301684145,0.45134836179336346
rawL_zS_shape_norm_force_mid_minus_outer,rawL_zS,shape_norm,7.267742502454029,0.4750445653114724,0.3838805148840792,0.38343102090805703,10.22737832966948,0.4404508224959858
rawL_zS_shape_norm_force_outer_mean,rawL_zS,shape_norm,7.249710733954243,0.4751369376300154,0.3834795169412168,0.38213629603709215,10.211486775760825,0.44012673671690217
rawL_zS_shape_norm_force_inner_minus_outer,rawL_zS,shape_norm,7.249578332495258,0.47513761589015086,0.3834765483470177,0.38213629603709215,10.211366892081374,0.44012429073370113
rawL_zS_shape_norm_grad_rms,rawL_zS,shape_norm,7.245308502582954,0.4751594891794396,0.3833814834653064,0.38213629603709215,10.20759634030786,0.4400473516709031
rawL_zS_shape_norm_force_mid_mean,rawL_zS,shape_norm,7.225231502345696,0.47526233871753826,0.3829341269060741,0.3824512291138133,10.189857213700291,0.4396851562428209
norm_rawS_amp_sqrtMstar_S_std,norm_rawS,amp_sqrtMstar,6.865545140841344,0.47710492355112566,0.3687091644443615,0.41355961858105156,9.281569898750913,0.42062335847360743
rawL_rawS_amp_sqrtMstar_S_std,rawL_rawS,amp_sqrtMstar,6.865545140841344,0.47710492355112566,0.3687091644443615,0.41355961858105156,9.281569898750913,0.42062335847360743
rawL_zS_amp_sqrtMstar_force_mid_mean,rawL_zS,amp_sqrtMstar,6.761927180659246,0.47763573289602346,0.3797010808999239,0.430006123698714,10.048604336531954,0.4367877829803901
rawL_zS_amp_sqrtMstar_grad_rms,rawL_zS,amp_sqrtMstar,6.7490033263700635,0.47770193862538485,0.379558538955484,0.43060099728807627,10.048345818322943,0.4367824584573055
rawL_zS_amp_sqrtMstar_force_inner_minus_outer,rawL_zS,amp_sqrtMstar,6.7462314372448535,0.47771613833215476,0.3795279611547456,0.43060099728807627,10.048289782085043,0.43678130430658624
rawL_zS_amp_sqrtMstar_force_outer_mean,rawL_zS,amp_sqrtMstar,6.746158767995971,0.4777165105988576,0.37952723047254605,0.43060099728807627,10.048294736187788,0.43678140634394574
rawL_zS_amp_sqrtMstar_force_mid_minus_outer,rawL_zS,amp_sqrtMstar,6.7342494163706865,0.4777775192803957,0.3793952942929247,0.4296911906219928,10.04800267589599,0.436775390863074
rawL_zS_amp_logMstar_force_mid_mean,rawL_zS,amp_logMstar,6.69862328518174,0.47796002319501063,0.3771584889317209,0.40873064473799325,9.889704024943631,0.4334997801817653
rawL_zS_amp_logMstar_grad_rms,rawL_zS,amp_logMstar,6.686351339807086,0.4780228893552158,0.3770339219397641,0.4077508529437494,9.8905519509929,0.4335174073082235
rawL_zS_amp_logMstar_force_inner_minus_outer,rawL_zS,amp_logMstar,6.683716572401823,0.4780363866211134,0.37700714896732285,0.4077508529437494,9.890731183369763,0.4335211331708292
rawL_zS_amp_logMstar_force_outer_mean,rawL_zS,amp_logMstar,6.683648609627774,0.47803673477770237,0.3770065518190291,0.4077508529437494,9.890744088176351,0.43352140143298384
rawL_zS_amp_logMstar_force_mid_minus_outer,rawL_zS,amp_logMstar,6.672307731009503,0.47809483131173325,0.37689046227211676,0.4083457265331117,9.891438891132344,0.43353584453541544
norm_rawS_shape_norm_S_std,norm_rawS,shape_norm,6.4983854688672045,0.4789857923176115,0.3658066557470777,0.36967894322456474,9.480274354342002,0.42488315800691373
rawL_rawS_shape_norm_S_std,rawL_rawS,shape_norm,6.4983854688672045,0.4789857923176115,0.3658066557470777,0.36967894322456474,9.480274354342002,0.42488315800691373
norm_rawS_amp_Mstar_phi_mid_mean,norm_rawS,amp_Mstar,6.266706789244325,0.48017262525604504,0.3561547545743319,0.49498731519552097,8.85728876945514,0.4113479259003301
rawL_zS_amp_sqrtMstar_force_inner_mean,rawL_zS,amp_sqrtMstar,6.247284022857218,0.48027212331491365,0.3741527276382426,0.4324556031843233,10.042160283410633,0.436655035290396
rawL_zS_amp_logMstar_force_inner_mean,rawL_zS,amp_logMstar,6.199139755892812,0.4805187545626534,0.37213489188652993,0.412369871402327,9.919273915688334,0.43411397383091965
norm_rawS_shape_norm_force_outer_mean,norm_rawS,shape_norm,6.176838505785003,0.480632998386208,0.36045868341132153,0.38595048552182665,9.201247346755768,0.41888644433575256
norm_rawS_amp_Mstar_phi_inner_minus_outer,norm_rawS,amp_Mstar,6.046875345415524,0.4812987677170782,0.3506661127423878,0.4925378357099116,8.652249396547418,0.4067737970741564
rawL_zS_amp_logMstar_phi_mid_mean,rawL_zS,amp_logMstar,5.895979749707391,0.48207176876984004,0.3414220805238885,0.31446067710611497,7.713716344846724,0.3850043129765293
rawL_zS_amp_logMstar_phi_inner_minus_outer,rawL_zS,amp_logMstar,5.790122328541213,0.4826140503229901,0.3384710273439041,0.3105065173650599,7.607961924187277,0.3824592086537321
norm_rawS_shape_norm_force_mid_mean,norm_rawS,shape_norm,5.733746896563588,0.48290284780620424,0.35117137332012455,0.3897646750065611,8.974394542118306,0.41393314969030665
rawL_zS_amp_Mstar_phi_inner_minus_outer,rawL_zS,amp_Mstar,5.266445515623918,0.48529671793692775,0.37611571295669993,0.5084944449304521,10.830426378649047,0.4525364248837098
rawL_zS_amp_Mstar_phi_mid_mean,rawL_zS,amp_Mstar,5.182990590155787,0.48572423701024653,0.37527917044591086,0.5080745341614907,10.819574280359927,0.45232250318633654
rawL_rawS_amp_Mstar_S_std,rawL_rawS,amp_Mstar,5.141906935061361,0.48593469847859,0.32741455019418986,0.4665383605983729,7.83767284385748,0.3879625481482183
norm_rawS_amp_Mstar_S_std,norm_rawS,amp_Mstar,5.141906935061361,0.48593469847859,0.32741455019418986,0.4665383605983729,7.83767284385748,0.3879625481482183
norm_rawS_amp_Mstar_force_outer_mean,norm_rawS,amp_Mstar,5.076937576735768,0.48626752053444433,0.3206824831615116,0.34885836759688565,7.450553007675113,0.3786338267111144
norm_rawS_amp_logMstar_phi_mid_mean,norm_rawS,amp_logMstar,4.793344998115156,0.48772029561910085,0.31149835444295676,0.3341264981191497,7.107788000401598,0.37014398294702944
norm_rawS_amp_Mstar_force_mid_mean,norm_rawS,amp_Mstar,4.766653796532916,0.48785702808518594,0.31162747264901286,0.3425247134983816,7.128300271822344,0.37065840740447786
norm_rawS_amp_logMstar_phi_inner_minus_outer,norm_rawS,amp_logMstar,4.707218415900159,0.48816150093334837,0.3087038060738627,0.3095267255708162,7.018702151569952,0.36790013833725743
norm_rawS_shape_norm_force_inner_mean,norm_rawS,shape_norm,4.543276673627163,0.4890013341887454,0.32582569589286486,0.37443793193946284,8.260390514815182,0.397856347968493
norm_rawS_shape_norm_force_inner_minus_outer,norm_rawS,shape_norm,4.519702365609228,0.48912209957510727,0.32532050813320684,0.3741579914268218,8.246148457438709,0.39752774967724475
norm_rawS_shape_norm_grad_rms,norm_rawS,shape_norm,4.227247788623349,0.4906202724994673,0.3189769139196892,0.3626104452803779,8.064540608111416,0.39330903142738083
norm_rawS_shape_norm_force_mid_minus_outer,norm_rawS,shape_norm,3.97269280504282,0.4919242951210031,0.31424597564664175,0.36086081707637124,7.9732569653077325,0.39116816228717977
norm_rawS_amp_Mstar_force_mid_minus_outer,norm_rawS,amp_Mstar,3.9010578090641115,0.4922912636004095,0.28524052400240474,0.2827924066135946,6.278896187121541,0.34862100058531525
norm_rawS_amp_Mstar_force_inner_mean,norm_rawS,amp_Mstar,3.8317936846897145,0.49264608668725157,0.2827606352580425,0.2871314845595311,6.2037622337782885,0.34659421741585805
norm_rawS_amp_Mstar_force_inner_minus_outer,norm_rawS,amp_Mstar,3.8169869917255514,0.4927219377364191,0.2822821643645782,0.2882512466100954,6.189224281226647,0.34620048911063644
rawL_rawS_shape_norm_force_inner_mean,rawL_rawS,shape_norm,3.8064718889594853,0.4927758040237015,0.30959088612346003,0.35330242323506256,7.788909994973252,0.3868019910245993
rawL_rawS_amp_Mstar_phi_mid_mean,rawL_rawS,amp_Mstar,3.678608716203628,0.4934308156341194,0.2814450088621038,0.3229988627416674,6.316804005287452,0.3496385145034499
rawL_rawS_amp_Mstar_phi_inner_minus_outer,rawL_rawS,amp_Mstar,3.652935537846729,0.4935623330174101,0.2806282469867853,0.3229988627416674,6.2918929776761,0.3489702383985982
norm_rawS_amp_Mstar_grad_rms,norm_rawS,amp_Mstar,3.646725597812887,0.4935941450140507,0.27682524599618086,0.2768086781558919,6.025167358604041,0.3417216396301127
rawL_rawS_shape_norm_force_mid_minus_outer,rawL_rawS,shape_norm,3.5060902718111833,0.49431458522666694,0.30246695114979555,0.34777359811040154,7.564011038074967,0.3813956204409805
rawL_rawS_shape_norm_force_outer_mean,rawL_rawS,shape_norm,3.492457644603716,0.4943844218255009,0.3021422701611579,0.3483334791356837,7.553826341563642,0.3811486602696656
rawL_rawS_shape_norm_force_inner_minus_outer,rawL_rawS,shape_norm,3.4924026732780513,0.49438470343009255,0.3021409383371794,0.3483334791356837,7.5537837772606995,0.38114762777067085
rawL_rawS_shape_norm_grad_rms,rawL_rawS,shape_norm,3.489132638577611,0.4944014550142203,0.3020629420476585,0.3483334791356837,7.551334361159392,0.3810882058100356
rawL_rawS_shape_norm_force_mid_mean,rawL_rawS,shape_norm,3.474044075624104,0.49447875001407093,0.30170275376254957,0.3464788732394366,7.540019469831641,0.380813569787045
norm_rawS_amp_logMstar_force_outer_mean,norm_rawS,amp_logMstar,3.3316668170024673,0.4952081137194023,0.27039238432275864,0.25952235150030617,5.90781427051331,0.33847659599047847
rawL_rawS_amp_logMstar_force_inner_mean,rawL_rawS,amp_logMstar,2.989296766875908,0.49696199134545216,0.27646143933136025,0.31379581838859244,6.42685719728299,0.35257359312408626
norm_rawS_amp_logMstar_force_mid_mean,norm_rawS,amp_logMstar,2.84075521073876,0.4977229332320198,0.25285661557826866,0.25024932201907096,5.357590082900769,0.32277020183309807
rawL_rawS_amp_logMstar_force_mid_minus_outer,rawL_rawS,amp_logMstar,2.7795468993420602,0.49803648836877107,0.26855519039179665,0.30616743941912344,6.136123168950999,0.3447580212371537
rawL_rawS_amp_logMstar_force_outer_mean,rawL_rawS,amp_logMstar,2.770701666031244,0.4980818003252208,0.2682135594056218,0.30662234275216516,6.123691040487801,0.3444193170035532
rawL_rawS_amp_logMstar_force_inner_minus_outer,rawL_rawS,amp_logMstar,2.770663960836161,0.4980819934796688,0.26821208475477004,0.30662234275216516,6.1236372634943885,0.34441785106775025
rawL_rawS_amp_logMstar_grad_rms,rawL_rawS,amp_logMstar,2.76854184233027,0.49809286457124335,0.26812997634340463,0.30662234275216516,6.1206508211041495,0.3443364309232828
rawL_rawS_amp_logMstar_force_mid_mean,rawL_rawS,amp_logMstar,2.758769759892617,0.49814292454798775,0.267751146419508,0.30609745429096313,6.106877932036386,0.3439606541592178
rawL_rawS_amp_sqrtMstar_force_inner_mean,rawL_rawS,amp_sqrtMstar,2.187392615016452,0.5010699492397331,0.23408846130260927,0.23166827049252037,4.887164082445398,0.3086308770794176
norm_rawS_amp_logMstar_force_inner_mean,norm_rawS,amp_logMstar,2.185478044552474,0.5010797571136959,0.22756688871860403,0.21606158691278102,4.633452910393924,0.30069885196593454
norm_rawS_amp_logMstar_force_inner_minus_outer,norm_rawS,amp_logMstar,2.1721833030790165,0.5011478628069532,0.2270040470097479,0.21693640101478434,4.618156765269297,0.300213249584376
norm_rawS_amp_logMstar_S_std,norm_rawS,amp_logMstar,2.0923436048651975,0.5015568619595252,0.21784004672876106,0.216586475373983,4.627865559517795,0.3005215719112659
rawL_rawS_amp_logMstar_S_std,rawL_rawS,amp_logMstar,2.0923436048651975,0.5015568619595252,0.21784004672876106,0.216586475373983,4.627865559517795,0.3005215719112659
norm_rawS_amp_logMstar_grad_rms,norm_rawS,amp_logMstar,1.957836812702025,0.5022459071994331,0.2175391336549551,0.19688566179686814,4.367962777658744,0.2921444931124015
rawL_rawS_amp_sqrtMstar_force_mid_minus_outer,rawL_rawS,amp_sqrtMstar,1.9548669108983674,0.5022611212764911,0.22347467500862447,0.21791619280902808,4.577668205407793,0.2989236853169655
rawL_rawS_amp_sqrtMstar_force_outer_mean,rawL_rawS,amp_sqrtMstar,1.945428988366957,0.5023094694341589,0.2230350025551636,0.21728632665558567,4.565180971378163,0.29852473101344207
rawL_rawS_amp_sqrtMstar_force_inner_minus_outer,rawL_rawS,amp_sqrtMstar,1.9453865156517198,0.502309687011441,0.22303300586093577,0.21728632665558567,4.565124382468533,0.2985229217234105
rawL_rawS_amp_sqrtMstar_grad_rms,rawL_rawS,amp_sqrtMstar,1.9431194802803824,0.5023213004765025,0.22292723988752083,0.21886099203919168,4.562124774269893,0.29842699945371665
rawL_rawS_amp_sqrtMstar_force_mid_mean,rawL_rawS,amp_sqrtMstar,1.9326770887900597,0.5023747942817888,0.22243936355066984,0.21669145306622342,4.548308304700372,0.2979847350572263
norm_rawS_amp_logMstar_force_mid_minus_outer,norm_rawS,amp_logMstar,1.5767811342951001,0.5041979617917962,0.1990343114294702,0.16241798617793718,3.9219296242316464,0.27712187930512927
rawL_rawS_shape_norm_phi_mid_mean,rawL_rawS,shape_norm,1.5426770287673943,0.5043726687430011,0.19317045760660337,0.1603184323331292,3.7096976092682405,0.2696542299143725
rawL_rawS_shape_norm_phi_inner_minus_outer,rawL_rawS,shape_norm,1.4969751786562806,0.504606788089449,0.19095020327436893,0.15730907182223777,3.66260711653878,0.2679668044752671
rawL_rawS_amp_sqrtMstar_phi_mid_mean,rawL_rawS,amp_sqrtMstar,-0.4804025443190401,0.5147364082045666,0.0805163094949876,0.09901146006473624,2.164722177875772,0.20668358096834258
rawL_rawS_amp_sqrtMstar_phi_inner_minus_outer,rawL_rawS,amp_sqrtMstar,-0.48707965456618885,0.5147706133993983,0.08000344220304995,0.09813664596273292,2.157752535240358,0.2063533548279518
rawL_zS_shape_norm_phi_mid_mean,rawL_zS,shape_norm,-1.9265652256728294,0.5221447442126872,-0.07695044732906933,-0.02951622780159216,0.8715672008823917,0.13131936430310223
rawL_zS_shape_norm_phi_inner_minus_outer,rawL_zS,shape_norm,-1.9271600801570548,0.5221477915060186,-0.07702380075198009,-0.02951622780159216,0.8713063648019719,0.13129967097338957
norm_rawS_amp_sqrtMstar_force_outer_mean,norm_rawS,amp_sqrtMstar,-2.0274582710578937,0.5226615944887539,-0.11260739845117174,-0.14464176362522965,0.7693394172916694,0.12335625703025899
norm_zS_shape_norm_phi_mid_mean,norm_zS,shape_norm,-2.3009192781515795,0.5240624680224096,-0.12493901544682814,-0.059504855218266116,0.7157297461855712,0.11896392034686683
norm_zS_amp_logMstar_phi_mid_mean,norm_zS,amp_logMstar,-2.300919278151623,0.5240624680224099,-0.124939015446836,-0.059504855218266116,0.7157297461855278,0.11896392034686383
norm_zS_amp_Mstar_phi_mid_mean,norm_zS,amp_Mstar,-2.300919278151623,0.5240624680224099,-0.12493901544684592,-0.059504855218266116,0.7157297461854845,0.1189639203468598
norm_zS_amp_sqrtMstar_phi_mid_mean,norm_zS,amp_sqrtMstar,-2.3009192781516443,0.52406246802241,-0.12493901544685783,-0.059504855218266116,0.7157297461854412,0.11896392034685513
norm_zS_amp_logMstar_phi_inner_minus_outer,norm_zS,amp_logMstar,-2.3320657886743077,0.5242220239412616,-0.13036866893969393,-0.07091243110838946,0.6962327321680042,0.11732511831525276
norm_zS_amp_Mstar_phi_inner_minus_outer,norm_zS,amp_Mstar,-2.3320657886743943,0.524222023941262,-0.1303686689397012,-0.07091243110838946,0.6962327321680042,0.11732511831525057
norm_zS_shape_norm_phi_inner_minus_outer,norm_zS,shape_norm,-2.332065788674416,0.5242220239412622,-0.13036866893971705,-0.07091243110838946,0.6962327321679175,0.1173251183152451
norm_zS_amp_sqrtMstar_phi_inner_minus_outer,norm_zS,amp_sqrtMstar,-2.332065788674416,0.5242220239412622,-0.1303686689397145,-0.07091243110838946,0.6962327321679391,0.1173251183152464
norm_rawS_amp_sqrtMstar_force_mid_mean,norm_rawS,amp_sqrtMstar,-2.3590128347714145,0.5243600670359201,-0.19575636564731705,-0.19030705974980314,0.5184061604883761,0.10114273860334691
norm_rawS_amp_sqrtMstar_force_inner_mean,norm_rawS,amp_sqrtMstar,-2.4697613538761036,0.5249274044817746,-0.23650695498026417,-0.23950660484647013,0.4303141203710214,0.09206613313133896
norm_rawS_amp_sqrtMstar_force_inner_minus_outer,norm_rawS,amp_sqrtMstar,-2.474203341361151,0.5249501596919991,-0.2381855257684859,-0.23964657510279067,0.4270325026431973,0.09171049289877144
norm_zS_amp_sqrtMstar_S_std,norm_zS,amp_sqrtMstar,-2.5309655827778386,0.5252409387049074,-0.16831026444620653,-0.10552007698364096,0.5742382724605338,0.10649187926144434
rawL_zS_amp_sqrtMstar_S_std,rawL_zS,amp_sqrtMstar,-2.5309655827778386,0.5252409387049074,-0.16831026444620653,-0.10552007698364096,0.5742382724605338,0.10649187926144434
rawL_zS_amp_Mstar_S_std,rawL_zS,amp_Mstar,-2.53096558277786,0.5252409387049075,-0.16831026444621106,-0.10552007698364096,0.5742382724605122,0.10649187926144271
norm_zS_amp_Mstar_S_std,norm_zS,amp_Mstar,-2.53096558277786,0.5252409387049075,-0.16831026444621106,-0.10552007698364096,0.5742382724605122,0.10649187926144271
norm_zS_shape_norm_S_std,norm_zS,shape_norm,-2.530965582777947,0.525240938704908,-0.16831026444622432,-0.10552007698364096,0.5742382724604689,0.10649187926143946
rawL_zS_shape_norm_S_std,rawL_zS,shape_norm,-2.530965582777947,0.525240938704908,-0.16831026444622432,-0.10552007698364096,0.5742382724604689,0.10649187926143946
norm_zS_amp_logMstar_S_std,norm_zS,amp_logMstar,-2.5309655827779682,0.5252409387049081,-0.16831026444622846,-0.10552007698364096,0.5742382724604689,0.10649187926143883
rawL_zS_amp_logMstar_S_std,rawL_zS,amp_logMstar,-2.5309655827779682,0.5252409387049081,-0.16831026444622846,-0.10552007698364096,0.5742382724604689,0.10649187926143883
norm_rawS_amp_sqrtMstar_grad_rms,norm_rawS,amp_sqrtMstar,-2.593739523171019,0.5255625141742392,-0.28783370470451114,-0.28821625404601525,0.3414440415936591,0.08188669381697064
rawL_zS_amp_Mstar_force_mid_mean,rawL_zS,amp_Mstar,-2.6094044747921115,0.5256427618715808,0.2698216731237399,0.35144781733881547,7.072469964472609,0.3692563004325431
rawL_zS_amp_Mstar_grad_rms,rawL_zS,amp_Mstar,-2.6908992099887517,0.5260602393718744,0.26938497821161284,0.35225264631265857,7.065468857821796,0.3690800411173933
rawL_zS_amp_Mstar_force_inner_minus_outer,rawL_zS,amp_Mstar,-2.708246860201196,0.5261491071205601,0.26929251433402124,0.35225264631265857,7.063986073980901,0.36904269815964125
rawL_zS_amp_Mstar_force_outer_mean,rawL_zS,amp_Mstar,-2.70873476895671,0.5261516065572063,0.2692899765272075,0.35225264631265857,7.063947888459242,0.36904173642404975
rawL_zS_amp_Mstar_force_mid_minus_outer,rawL_zS,amp_Mstar,-2.782491841362857,0.5265294459126296,0.2688983419647778,0.35225264631265857,7.057647136620752,0.3688830067515423
rawL_rawS_amp_logMstar_phi_inner_minus_outer,rawL_rawS,amp_logMstar,-2.8423756407050034,0.526836215899637,-0.5656569609421574,-0.5321494182486222,0.06563211303931496,0.03463813014287332
rawL_rawS_amp_logMstar_phi_mid_mean,rawL_rawS,amp_logMstar,-2.8452748773574665,0.5268510679764922,-0.5712243578494657,-0.5327442918379843,0.06359930767918613,0.03404652184239753
rawL_rawS_amp_Mstar_force_inner_mean,rawL_rawS,amp_Mstar,-2.923733997943807,0.5272529947691689,-0.5261508772732516,-0.5203919167176975,0.1172748324289244,0.047242205889061306
norm_rawS_amp_sqrtMstar_force_mid_minus_outer,norm_rawS,amp_sqrtMstar,-2.9279161024799474,0.5272744186629149,-0.5043105160284018,-0.4885836759688566,0.13216125921928976,0.05029131835748485
rawL_rawS_amp_Mstar_force_mid_minus_outer,rawL_rawS,amp_Mstar,-2.982815254448644,0.5275556535264534,-0.6146551411789164,-0.6212754789607209,0.07375313801536329,0.03690698624074731
rawL_rawS_amp_Mstar_force_outer_mean,rawL_rawS,amp_Mstar,-2.984528198966209,0.5275644285202442,-0.617573038226544,-0.6253696089580965,0.07252684791218693,0.03657341945863286
rawL_rawS_amp_Mstar_force_inner_minus_outer,rawL_rawS,amp_Mstar,-2.9845371202064084,0.5275644742215653,-0.6175890018321014,-0.6253696089580965,0.07252013887315044,0.03657158613372793
rawL_rawS_amp_Mstar_grad_rms,rawL_rawS,amp_Mstar,-2.9849454102218282,0.527566565790973,-0.6182902098825809,-0.6272242148543434,0.07222703018393965,0.03649140065623544
rawL_rawS_amp_Mstar_force_mid_mean,rawL_rawS,amp_Mstar,-2.9868117667069027,0.527576126676571,-0.6215079320223268,-0.6320881812614818,0.07089034394513606,0.0361234649557346
rawL_zS_amp_Mstar_force_inner_mean,rawL_zS,amp_Mstar,-5.379081948511095,0.5398311388944375,0.2569242520933164,0.33675094042515963,6.8665629708493885,0.3640311233191922
