sigma,chi,omega,normalize_components,T00_sum,Taa_sum,Tgrad_sum,Taa_over_T00,Tgrad_over_T00,center,pearson_full_abs_delta_R,pearson_full_abs_delta_R_p,spearman_full_abs_delta_R,spearman_full_abs_delta_R_p,pearson_full_delta_R,pearson_full_delta_R_p,spearman_full_delta_R,spearman_full_delta_R_p,spearman_fluid_abs_delta_R,spearman_fluid_abs_delta_R_p,spearman_fluid_delta_R,spearman_fluid_delta_R_p,spearman_grad_abs_delta_R,spearman_grad_abs_delta_R_p,spearman_grad_delta_R,spearman_grad_delta_R_p
0.01,-10.0,-0.5,True,2.1069171053776782e-05,4.05086380079311e-05,5.450802669873956e-10,1.9226498235045497,2.587098778571483e-05,12,-0.17657967839279332,0.45643922691828837,-0.5158132530120483,0.019913078882278876,0.25563480037088737,0.27667280480609635,0.16039156626506024,0.4993575438288244,0.16242230958858758,0.4938686193721939,0.13649574373876608,0.5660902079869379,0.5124342072946383,0.020881036076308264,-0.16428037822092814,0.48887240843404717
0.01,-5.0,-0.5,True,2.1069171053776782e-05,4.05086380079311e-05,5.450802669873956e-10,1.9226498235045497,2.587098778571483e-05,12,-0.18229106249692217,0.4417641894961879,-0.5158132530120483,0.019913078882278876,0.25728525111973094,0.2734755733312999,0.16039156626506024,0.4993575438288244,0.16242230958858758,0.4938686193721939,0.13649574373876608,0.5660902079869379,0.5124342072946383,0.020881036076308264,-0.16428037822092814,0.48887240843404717
0.01,-3.0,-0.5,True,2.1069171053776782e-05,4.05086380079311e-05,5.450802669873956e-10,1.9226498235045497,2.587098778571483e-05,12,-0.19070554802619855,0.42060157817067767,-0.5158132530120483,0.019913078882278876,0.25950757173928957,0.26920713897914633,0.16039156626506024,0.4993575438288244,0.16242230958858758,0.4938686193721939,0.13649574373876608,0.5660902079869379,0.5124342072946383,0.020881036076308264,-0.16428037822092814,0.48887240843404717
0.01,-1.0,-0.5,True,2.1069171053776782e-05,4.05086380079311e-05,5.450802669873956e-10,1.9226498235045497,2.587098778571483e-05,12,-0.2500447805719524,0.2876738676866014,-0.5158132530120483,0.019913078882278876,0.2655363232756037,0.2578392551513798,0.16039156626506024,0.4993575438288244,0.16242230958858758,0.4938686193721939,0.13649574373876608,0.5660902079869379,0.5124342072946383,0.020881036076308264,-0.16428037822092814,0.48887240843404717
0.01,-0.5,-0.5,True,2.1069171053776782e-05,4.05086380079311e-05,5.450802669873956e-10,1.9226498235045497,2.587098778571483e-05,12,-0.26804721864753467,0.2531958475308638,-0.1160950610326768,0.6259634865645083,0.10612021981136352,0.6561124179854164,-0.2578214991764641,0.2724417493926962,0.16242230958858758,0.4938686193721939,0.13649574373876608,0.5660902079869379,0.5124342072946383,0.020881036076308264,-0.16428037822092814,0.48887240843404717
0.01,0.0,-0.5,True,2.1069171053776782e-05,4.05086380079311e-05,5.450802669873956e-10,1.9226498235045497,2.587098778571483e-05,12,0.06083535409322834,0.7988918714028361,0.16242230958858758,0.4938686193721939,-0.20357235907101884,0.3893208813999076,0.13649574373876608,0.5660902079869379,0.16242230958858758,0.4938686193721939,0.13649574373876608,0.5660902079869379,0.5124342072946383,0.020881036076308264,-0.16428037822092814,0.48887240843404717
0.01,0.5,-0.5,True,2.1069171053776782e-05,4.05086380079311e-05,5.450802669873956e-10,1.9226498235045497,2.587098778571483e-05,12,0.11737575735524655,0.6221323981961238,0.49774096385542177,0.02553372990225344,-0.23291329949766396,0.32303989328850996,-0.17846385542168675,0.451570498817884,0.16242230958858758,0.4938686193721939,0.13649574373876608,0.5660902079869379,0.5124342072946383,0.020881036076308264,-0.16428037822092814,0.48887240843404717
0.01,1.0,-0.5,True,2.1069171053776782e-05,4.05086380079311e-05,5.450802669873956e-10,1.9226498235045497,2.587098778571483e-05,12,0.13599391943397454,0.5675323227184113,0.49774096385542177,0.02553372990225344,-0.24105145005361722,0.305929715663062,-0.17846385542168675,0.451570498817884,0.16242230958858758,0.4938686193721939,0.13649574373876608,0.5660902079869379,0.5124342072946383,0.020881036076308264,-0.16428037822092814,0.48887240843404717
0.01,3.0,-0.5,True,2.1069171053776782e-05,4.05086380079311e-05,5.450802669873956e-10,1.9226498235045497,2.587098778571483e-05,12,0.1565801316948225,0.5097388142043495,0.509789156626506,0.021664541755555686,-0.24903467625790926,0.2896900785091355,-0.16641566265060243,0.4831616865279996,0.16242230958858758,0.4938686193721939,0.13649574373876608,0.5660902079869379,0.5124342072946383,0.020881036076308264,-0.16428037822092814,0.48887240843404717
0.01,5.0,-0.5,True,2.1069171053776782e-05,4.05086380079311e-05,5.450802669873956e-10,1.9226498235045497,2.587098778571483e-05,12,0.16202055945822624,0.4949521683288188,0.509789156626506,0.021664541755555686,-0.250949818785405,0.2858747394503585,-0.16641566265060243,0.4831616865279996,0.16242230958858758,0.4938686193721939,0.13649574373876608,0.5660902079869379,0.5124342072946383,0.020881036076308264,-0.16428037822092814,0.48887240843404717
0.01,10.0,-0.5,True,2.1069171053776782e-05,4.05086380079311e-05,5.450802669873956e-10,1.9226498235045497,2.587098778571483e-05,12,0.1664876771490817,0.48296966595685104,0.509789156626506,0.021664541755555686,-0.25245716174788674,0.28289374587323934,-0.16641566265060243,0.4831616865279996,0.16242230958858758,0.4938686193721939,0.13649574373876608,0.5660902079869379,0.5124342072946383,0.020881036076308264,-0.16428037822092814,0.48887240843404717
0.02,-10.0,-0.5,True,0.00015979341027679762,0.0002708799728472543,2.0620364376353668e-08,1.6951886337367112,0.00012904389699571855,12,-0.3683761962885622,0.1100109909152729,-0.4984941172334824,0.025276918082193667,-0.23809923137498448,0.3120719817434969,-0.326807321569987,0.15960881518894693,0.17921691828031544,0.44963211677943893,0.49247001914002647,0.02738919870002783,0.4996232102486812,0.024895744285072963,0.32780708364732475,0.15826062784094927
0.02,-5.0,-0.5,True,0.00015979341027679762,0.0002708799728472543,2.0620364376353668e-08,1.6951886337367112,0.00012904389699571855,12,-0.3777633391903138,0.10056140109348856,-0.5421688284110383,0.013528522998801171,-0.23496009729932285,0.31868394670593037,-0.30722900276625503,0.18762441075532435,0.17921691828031544,0.44963211677943893,0.49247001914002647,0.02738919870002783,0.4996232102486812,0.024895744285072963,0.32780708364732475,0.15826062784094927
0.02,-3.0,-0.5,True,0.00015979341027679762,0.0002708799728472543,2.0620364376353668e-08,1.6951886337367112,0.00012904389699571855,12,-0.39165236750191057,0.08768396326878658,-0.5421688284110383,0.013528522998801171,-0.23000169360285302,0.3292970658187489,-0.30722900276625503,0.18762441075532435,0.17921691828031544,0.44963211677943893,0.49247001914002647,0.02738919870002783,0.4996232102486812,0.024895744285072963,0.32780708364732475,0.15826062784094927
0.02,-1.0,-0.5,True,0.00015979341027679762,0.0002708799728472543,2.0620364376353668e-08,1.6951886337367112,0.00012904389699571855,12,-0.4919605366793056,0.027574025956534343,-0.4743977248596585,0.03456907572179785,-0.178623121753758,0.4511601879449526,-0.1822289673270434,0.44192239851658044,0.17921691828031544,0.44963211677943893,0.49247001914002647,0.02738919870002783,0.4996232102486812,0.024895744285072963,0.32780708364732475,0.15826062784094927
0.02,-0.5,-0.5,True,0.00015979341027679762,0.0002708799728472543,2.0620364376353668e-08,1.6951886337367112,0.00012904389699571855,12,-0.4579201356403667,0.04232217364613094,-0.42744066361024763,0.060127759405513424,0.1347879452950701,0.571004539843692,-0.029400680565784224,0.9020725361787814,0.17921691828031544,0.44963211677943893,0.49247001914002647,0.02738919870002783,0.4996232102486812,0.024895744285072963,0.32780708364732475,0.15826062784094927
0.02,0.0,-0.5,True,0.00015979341027679762,0.0002708799728472543,2.0620364376353668e-08,1.6951886337367112,0.00012904389699571855,12,0.181651070512238,0.4433962118085997,0.17921691828031544,0.44963211677943893,0.27434788352761263,0.24177973430964714,0.49247001914002647,0.02738919870002783,0.17921691828031544,0.44963211677943893,0.49247001914002647,0.02738919870002783,0.4996232102486812,0.024895744285072963,0.32780708364732475,0.15826062784094927
0.02,0.5,-0.5,True,0.00015979341027679762,0.0002708799728472543,2.0620364376353668e-08,1.6951886337367112,0.00012904389699571855,12,0.27245025842839843,0.24518257738073174,0.4578314551026546,0.04236724809774765,0.2621390161529542,0.2642072339501326,0.2861446594391591,0.2213087437147841,0.17921691828031544,0.44963211677943893,0.49247001914002647,0.02738919870002783,0.4996232102486812,0.024895744285072963,0.32780708364732475,0.15826062784094927
0.02,1.0,-0.5,True,0.00015979341027679762,0.0002708799728472543,2.0620364376353668e-08,1.6951886337367112,0.00012904389699571855,12,0.3024127535167008,0.19499395528575283,0.4578314551026546,0.04236724809774765,0.2560324480632923,0.27590036756720043,0.2861446594391591,0.2213087437147841,0.17921691828031544,0.44963211677943893,0.49247001914002647,0.02738919870002783,0.4996232102486812,0.024895744285072963,0.32780708364732475,0.15826062784094927
0.02,3.0,-0.5,True,0.00015979341027679762,0.0002708799728472543,2.0620364376353668e-08,1.6951886337367112,0.00012904389699571855,12,0.3357287552124834,0.14785600674681132,0.5000001417568464,0.02476951142560396,0.24781662863293133,0.29213288367631435,0.32831334609335094,0.15758094189501204,0.17921691828031544,0.44963211677943893,0.49247001914002647,0.02738919870002783,0.4996232102486812,0.024895744285072963,0.32780708364732475,0.15826062784094927
0.02,5.0,-0.5,True,0.00015979341027679762,0.0002708799728472543,2.0620364376353668e-08,1.6951886337367112,0.00012904389699571855,12,0.34457836468157677,0.13680829056331614,0.5000001417568464,0.02476951142560396,0.24535632779337677,0.2971054679821363,0.32831334609335094,0.15758094189501204,0.17921691828031544,0.44963211677943893,0.49247001914002647,0.02738919870002783,0.4996232102486812,0.024895744285072963,0.32780708364732475,0.15826062784094927
0.02,10.0,-0.5,True,0.00015979341027679762,0.0002708799728472543,2.0620364376353668e-08,1.6951886337367112,0.00012904389699571855,12,0.3518614384086607,0.12816312804791224,0.5000001417568464,0.02476951142560396,0.24323728720861992,0.3014294970852036,0.32831334609335094,0.15758094189501204,0.17921691828031544,0.44963211677943893,0.49247001914002647,0.02738919870002783,0.4996232102486812,0.024895744285072963,0.32780708364732475,0.15826062784094927
0.03,-10.0,-0.5,True,0.0006368607359732701,0.0008536495128729839,1.2058336487507952e-07,1.3404021706070646,0.00018934024043859498,12,-0.2514346195194447,0.28491386671638075,-0.3416103299635718,0.14044656274197892,-0.10809893376763433,0.650089044763342,-0.09330326192837646,0.6956103898115952,0.16102337139252065,0.4976466632035798,0.4213695699991195,0.06426627960863322,0.30339700408018117,0.193472387285668,0.05584919975605325,0.8150898237995222
0.03,-5.0,-0.5,True,0.0006368607359732701,0.0008536495128729839,1.2058336487507952e-07,1.3404021706070646,0.00018934024043859498,12,-0.25861966413766735,0.27090751148529524,-0.3416103299635718,0.14044656274197892,-0.09418966274316593,0.692852934434839,-0.09330326192837646,0.6956103898115952,0.16102337139252065,0.4976466632035798,0.4213695699991195,0.06426627960863322,0.30339700408018117,0.193472387285668,0.05584919975605325,0.8150898237995222
0.03,-3.0,-0.5,True,0.0006368607359732701,0.0008536495128729839,1.2058336487507952e-07,1.3404021706070646,0.00018934024043859498,12,-0.2690137792133995,0.2514226638554647,-0.370203265070655,0.10812340896087201,-0.07306115384073508,0.7595208409580051,-0.07373967474984591,0.7573514314901444,0.16102337139252065,0.4976466632035798,0.4213695699991195,0.06426627960863322,0.30339700408018117,0.193472387285668,0.05584919975605325,0.8150898237995222
0.03,-1.0,-0.5,True,0.0006368607359732701,0.0008536495128729839,1.2058336487507952e-07,1.3404021706070646,0.00018934024043859498,12,-0.3312662445056014,0.15365674936012536,-0.45447717907047885,0.04409954390605124,0.09907772061596591,0.6777144776614602,-0.133935327606863,0.5734649410038376,0.16102337139252065,0.4976466632035798,0.4213695699991195,0.06426627960863322,0.30339700408018117,0.193472387285668,0.05584919975605325,0.8150898237995222
0.03,-0.5,-0.5,True,0.0006368607359732701,0.0008536495128729839,1.2058336487507952e-07,1.3404021706070646,0.00018934024043859498,12,-0.26124110859085575,0.26590669159631486,-0.3910425568638448,0.08822245994592345,0.4543603247003406,0.044160861303300505,0.048551000804076976,0.8389277429310726,0.16102337139252065,0.4976466632035798,0.4213695699991195,0.06426627960863322,0.30339700408018117,0.193472387285668,0.05584919975605325,0.8150898237995222
0.03,0.0,-0.5,True,0.0006368607359732701,0.0008536495128729839,1.2058336487507952e-07,1.3404021706070646,0.00018934024043859498,12,0.09977749204793354,0.6755568039796312,0.16102337139252065,0.4976466632035798,0.32111774111245484,0.16743240713944757,0.4213695699991195,0.06426627960863322,0.16102337139252065,0.4976466632035798,0.4213695699991195,0.06426627960863322,0.30339700408018117,0.193472387285668,0.05584919975605325,0.8150898237995222
0.03,0.5,-0.5,True,0.0006368607359732701,0.0008536495128729839,1.2058336487507952e-07,1.3404021706070646,0.00018934024043859498,12,0.17373368445377824,0.46384410719549535,0.267870655213726,0.2535206156287251,0.23260394571398907,0.32370132267478025,0.16704293667822237,0.481490386200818,0.16102337139252065,0.4976466632035798,0.4213695699991195,0.06426627960863322,0.30339700408018117,0.193472387285668,0.05584919975605325,0.8150898237995222
0.03,1.0,-0.5,True,0.0006368607359732701,0.0008536495128729839,1.2058336487507952e-07,1.3404021706070646,0.00018934024043859498,12,0.19848751691069544,0.40152472204755524,0.328066308070743,0.157912351550439,0.19719982460032665,0.40464815854969327,0.21519945896383602,0.36220398884499655,0.16102337139252065,0.4976466632035798,0.4213695699991195,0.06426627960863322,0.30339700408018117,0.193472387285668,0.05584919975605325,0.8150898237995222
0.03,3.0,-0.5,True,0.0006368607359732701,0.0008536495128729839,1.2058336487507952e-07,1.3404021706070646,0.00018934024043859498,12,0.22565139347566043,0.3387786411475095,0.35816413449925155,0.12100097989267375,0.15410613034866008,0.5165320504908489,0.14296467553541553,0.5476457857972896,0.16102337139252065,0.4976466632035798,0.4213695699991195,0.06426627960863322,0.30339700408018117,0.193472387285668,0.05584919975605325,0.8150898237995222
0.03,5.0,-0.5,True,0.0006368607359732701,0.0008536495128729839,1.2058336487507952e-07,1.3404021706070646,0.00018934024043859498,12,0.2327438404434203,0.3234021139380834,0.4198646786776941,0.06532454813265298,0.14200176093673678,0.5503739768129772,0.15048913214254267,0.5265402918215605,0.16102337139252065,0.4976466632035798,0.4213695699991195,0.06426627960863322,0.30339700408018117,0.193472387285668,0.05584919975605325,0.8150898237995222
0.03,10.0,-0.5,True,0.0006368607359732701,0.0008536495128729839,1.2058336487507952e-07,1.3404021706070646,0.00018934024043859498,12,0.23852805979600145,0.31117520205894006,0.3416103299635718,0.14044656274197892,0.13183470734979652,0.5795462112272219,0.0842739139998239,0.7239037457758297,0.16102337139252065,0.4976466632035798,0.4213695699991195,0.06426627960863322,0.30339700408018117,0.193472387285668,0.05584919975605325,0.8150898237995222
0.05,-10.0,-0.5,True,0.003612486370379981,0.004217469494250693,9.596176239237324e-07,1.1674700086984902,0.0002656390988190205,12,-0.1691499232412286,0.47589768011343797,-0.10011297311077684,0.6745232444243711,0.36545439710597555,0.1130788023039059,0.23108784018803372,0.3269545523018818,0.1497930951055984,0.5284765504910204,0.3726009149611618,0.10568201640204218,0.09272522332285794,0.6974105643041063,-0.19374294629247554,0.4130985237287876
0.05,-5.0,-0.5,True,0.003612486370379981,0.004217469494250693,9.596176239237324e-07,1.1674700086984902,0.0002656390988190205,12,-0.16344531274252988,0.49111475404858906,0.008280020332470264,0.972362449704623,0.3968586338927955,0.08318467998288774,0.33948083363128084,0.14309845954581865,0.1497930951055984,0.5284765504910204,0.3726009149611618,0.10568201640204218,0.09272522332285794,0.6974105643041063,-0.19374294629247554,0.4130985237287876
0.05,-3.0,-0.5,True,0.003612486370379981,0.004217469494250693,9.596176239237324e-07,1.1674700086984902,0.0002656390988190205,12,-0.1549186565281563,0.514296257790244,0.008280020332470264,0.972362449704623,0.4389171657123296,0.052859453854808953,0.33948083363128084,0.14309845954581865,0.1497930951055984,0.5284765504910204,0.3726009149611618,0.10568201640204218,0.09272522332285794,0.6974105643041063,-0.19374294629247554,0.4130985237287876
0.05,-1.0,-0.5,True,0.003612486370379981,0.004217469494250693,9.596176239237324e-07,1.1674700086984902,0.0002656390988190205,12,-0.09825104653025689,0.6802665578525162,0.10011297311077684,0.6745232444243711,0.6285739275131056,0.0029936712691736073,0.47045570070853776,0.036314159199412235,0.1497930951055984,0.5284765504910204,0.3726009149611618,0.10568201640204218,0.09272522332285794,0.6974105643041063,-0.19374294629247554,0.4130985237287876
0.05,-0.5,-0.5,True,0.003612486370379981,0.004217469494250693,9.596176239237324e-07,1.1674700086984902,0.0002656390988190205,12,-0.004209176220522651,0.9859484534139548,-0.0037636456056683015,0.9874356549293403,0.7555739401400253,0.00011694170465913168,0.4087319127755776,0.07356541678491585,0.1497930951055984,0.5284765504910204,0.3726009149611618,0.10568201640204218,0.09272522332285794,0.6974105643041063,-0.19374294629247554,0.4130985237287876
0.05,0.0,-0.5,True,0.003612486370379981,0.004217469494250693,9.596176239237324e-07,1.1674700086984902,0.0002656390988190205,12,0.1711752296555739,0.47055263552683385,0.1497930951055984,0.5284765504910204,0.47884866564421513,0.03267805740660889,0.3726009149611618,0.10568201640204218,0.1497930951055984,0.5284765504910204,0.3726009149611618,0.10568201640204218,0.09272522332285794,0.6974105643041063,-0.19374294629247554,0.4130985237287876
0.05,0.5,-0.5,True,0.003612486370379981,0.004217469494250693,9.596176239237324e-07,1.1674700086984902,0.0002656390988190205,12,0.20488236850101033,0.38621058556462373,0.1919459258890834,0.41752877676260464,0.0836489822099876,0.7258752638214774,0.07150926650769775,0.76448911389023,0.1497930951055984,0.5284765504910204,0.3726009149611618,0.10568201640204218,0.09272522332285794,0.6974105643041063,-0.19374294629247554,0.4130985237287876
0.05,1.0,-0.5,True,0.003612486370379981,0.004217469494250693,9.596176239237324e-07,1.1674700086984902,0.0002656390988190205,12,0.2009057938242482,0.3956948171616026,0.15581492807466768,0.5118353731508527,-0.0751883307718319,0.7527255582465436,-0.04290555990461864,0.8574615091184726,0.1497930951055984,0.5284765504910204,0.3726009149611618,0.10568201640204218,0.09272522332285794,0.6974105643041063,-0.19374294629247554,0.4130985237287876
0.05,3.0,-0.5,True,0.003612486370379981,0.004217469494250693,9.596176239237324e-07,1.1674700086984902,0.0002656390988190205,12,0.18754305901009843,0.42849067769221144,0.1121566390489154,0.6378025218371356,-0.23635429095959176,0.31573708326922145,-0.17388042698187553,0.4634608157639248,0.1497930951055984,0.5284765504910204,0.3726009149611618,0.10568201640204218,0.09272522332285794,0.6974105643041063,-0.19374294629247554,0.4130985237287876
0.05,5.0,-0.5,True,0.003612486370379981,0.004217469494250693,9.596176239237324e-07,1.1674700086984902,0.0002656390988190205,12,0.18289810671596587,0.44021909523077296,0.1121566390489154,0.6378025218371356,-0.27441840354389985,0.24165386524842114,-0.17388042698187553,0.4634608157639248,0.1497930951055984,0.5284765504910204,0.3726009149611618,0.10568201640204218,0.09272522332285794,0.6974105643041063,-0.19374294629247554,0.4130985237287876
0.05,10.0,-0.5,True,0.003612486370379981,0.004217469494250693,9.596176239237324e-07,1.1674700086984902,0.0002656390988190205,12,0.1788494142747929,0.4505775321701422,0.1121566390489154,0.6378025218371356,-0.304043672655973,0.19247704018986586,-0.17388042698187553,0.4634608157639248,0.1497930951055984,0.5284765504910204,0.3726009149611618,0.10568201640204218,0.09272522332285794,0.6974105643041063,-0.19374294629247554,0.4130985237287876
0.08,-10.0,-0.5,True,0.009155715161822611,0.010271661818310827,3.405852829245241e-06,1.121885252737162,0.0003719920037974668,12,-0.6507428581974878,0.0018892773487320365,-0.14446956685684095,0.5433943143477856,0.43327088593860286,0.05634645889549584,0.32505652542789215,0.1619888519815651,0.1008277185355036,0.6723231089316334,-0.05116630492846451,0.8303687982898019,0.15981917492810052,0.5009099968281696,-0.36487019181698427,0.11369951286877786
0.08,-5.0,-0.5,True,0.009155715161822611,0.010271661818310827,3.405852829245241e-06,1.121885252737162,0.0003719920037974668,12,-0.630618614736034,0.002873380076549768,-0.0902934792855256,0.7050006600130182,0.42000885510269576,0.0652225959440269,0.26486087257087515,0.2590975158489965,0.1008277185355036,0.6723231089316334,-0.05116630492846451,0.8303687982898019,0.15981917492810052,0.5009099968281696,-0.36487019181698427,0.11369951286877786
0.08,-3.0,-0.5,True,0.009155715161822611,0.010271661818310827,3.405852829245241e-06,1.121885252737162,0.0003719920037974668,12,-0.6034930410745984,0.004843171188504927,-0.1640331540353715,0.4895357372500832,0.402112689638505,0.07881959540076164,0.21519945896383602,0.36220398884499655,0.1008277185355036,0.6723231089316334,-0.05116630492846451,0.8303687982898019,0.15981917492810052,0.5009099968281696,-0.36487019181698427,0.11369951286877786
0.08,-1.0,-0.5,True,0.009155715161822611,0.010271661818310827,3.405852829245241e-06,1.121885252737162,0.0003719920037974668,12,-0.4837190746275382,0.030702516042453092,-0.19563587178530548,0.4084594853090843,0.32293253800208915,0.1649089109329775,0.10233260985692902,0.667699132391324,0.1008277185355036,0.6723231089316334,-0.05116630492846451,0.8303687982898019,0.15981917492810052,0.5009099968281696,-0.36487019181698427,0.11369951286877786
0.08,-0.5,-0.5,True,0.009155715161822611,0.010271661818310827,3.405852829245241e-06,1.121885252737162,0.0003719920037974668,12,-0.36975075287741227,0.10858871139433747,-0.1708051649817859,0.47152701594357993,0.24745398371754018,0.2928626060023919,0.05342364191060264,0.822996074707493,0.1008277185355036,0.6723231089316334,-0.05116630492846451,0.8303687982898019,0.15981917492810052,0.5009099968281696,-0.36487019181698427,0.11369951286877786
0.08,0.0,-0.5,True,0.009155715161822611,0.010271661818310827,3.405852829245241e-06,1.121885252737162,0.0003719920037974668,12,-0.09896947665157099,0.678048453227797,0.1008277185355036,0.6723231089316334,0.06782443355206964,0.7763211074812275,-0.05116630492846451,0.8303687982898019,0.1008277185355036,0.6723231089316334,-0.05116630492846451,0.8303687982898019,0.15981917492810052,0.5009099968281696,-0.36487019181698427,0.11369951286877786
0.08,0.5,-0.5,True,0.009155715161822611,0.010271661818310827,3.405852829245241e-06,1.121885252737162,0.0003719920037974668,12,0.38522362296405604,0.09348399746452063,0.30398804692793624,0.19256252343081348,-0.2541600103454511,0.27954935586785096,-0.2799097857851294,0.23198173549852916,0.1008277185355036,0.6723231089316334,-0.05116630492846451,0.8303687982898019,0.15981917492810052,0.5009099968281696,-0.36487019181698427,0.11369951286877786
0.08,1.0,-0.5,True,0.009155715161822611,0.010271661818310827,3.405852829245241e-06,1.121885252737162,0.0003719920037974668,12,0.6606168188723168,0.0015211293350583849,0.43641848321337373,0.054381667773179605,-0.43802447225162927,0.05339950842800517,-0.4409331571776501,0.05165517368725007,0.1008277185355036,0.6723231089316334,-0.05116630492846451,0.8303687982898019,0.15981917492810052,0.5009099968281696,-0.36487019181698427,0.11369951286877786
0.08,3.0,-0.5,True,0.009155715161822611,0.010271661818310827,3.405852829245241e-06,1.121885252737162,0.0003719920037974668,12,0.7189931513920246,0.00035397360600767383,0.27088043785657684,0.24802068018836002,-0.47799360468035307,0.03303491148321021,-0.32505652542789215,0.1619888519815651,0.1008277185355036,0.6723231089316334,-0.05116630492846451,0.8303687982898019,0.15981917492810052,0.5009099968281696,-0.36487019181698427,0.11369951286877786
0.08,5.0,-0.5,True,0.009155715161822611,0.010271661818310827,3.405852829245241e-06,1.121885252737162,0.0003719920037974668,12,0.7034637733300402,0.0005391053629802978,0.20466521971385804,0.3867251911618619,-0.467893538479218,0.03748463416769752,-0.35515435185640076,0.12438459182115413,0.1008277185355036,0.6723231089316334,-0.05116630492846451,0.8303687982898019,0.15981917492810052,0.5009099968281696,-0.36487019181698427,0.11369951286877786
0.08,10.0,-0.5,True,0.009155715161822611,0.010271661818310827,3.405852829245241e-06,1.121885252737162,0.0003719920037974668,12,0.6879275179245343,0.0008007927716392598,0.20617011103528346,0.3831667149184564,-0.4577198228518866,0.04242404111520679,-0.3416103299635718,0.14044656274197892,0.1008277185355036,0.6723231089316334,-0.05116630492846451,0.8303687982898019,0.15981917492810052,0.5009099968281696,-0.36487019181698427,0.11369951286877786
0.1,-10.0,-0.5,True,0.012364033102832203,0.013714319084525441,4.598407125246965e-06,1.1092108028555772,0.0003719180535187679,12,-0.4860428591740891,0.02979355755717157,-0.4804222315721893,0.03202922147395088,0.2534493215724459,0.2809421478981383,-0.08885552245379051,0.7095016039344986,0.23192797386243622,0.32514942119779083,-0.12048206434412272,0.6128790859825822,0.4824465154995583,0.031209411706066344,0.09135528697252983,0.70168313620558
0.1,-5.0,-0.5,True,0.012364033102832203,0.013714319084525441,4.598407125246965e-06,1.1092108028555772,0.0003719180535187679,12,-0.46023196211030737,0.04116013316043557,-0.4804222315721893,0.03202922147395088,0.23689063430362567,0.31460780108074543,-0.08885552245379051,0.7095016039344986,0.23192797386243622,0.32514942119779083,-0.12048206434412272,0.6128790859825822,0.4824465154995583,0.031209411706066344,0.09135528697252983,0.70168313620558
0.1,-3.0,-0.5,True,0.012364033102832203,0.013714319084525441,4.598407125246965e-06,1.1092108028555772,0.0003719180535187679,12,-0.4286007152158014,0.05936049610699301,-0.4804222315721893,0.03202922147395088,0.21674366142159668,0.3586860083961764,-0.08885552245379051,0.7095016039344986,0.23192797386243622,0.32514942119779083,-0.12048206434412272,0.6128790859825822,0.4824465154995583,0.031209411706066344,0.09135528697252983,0.70168313620558
0.1,-1.0,-0.5,True,0.012364033102832203,0.013714319084525441,4.598407125246965e-06,1.1092108028555772,0.0003719180535187679,12,-0.3111545931396094,0.1817584254029279,-0.2891569544258945,0.21626939841221798,0.14310194864298242,0.547257353242427,-0.05120487734625215,0.8302426998351623,0.23192797386243622,0.32514942119779083,-0.12048206434412272,0.6128790859825822,0.4824465154995583,0.031209411706066344,0.09135528697252983,0.70168313620558
0.1,-0.5,-0.5,True,0.012364033102832203,0.013714319084525441,4.598407125246965e-06,1.1092108028555772,0.0003719180535187679,12,-0.21363565916159696,0.36578665957424367,-0.19879540616780247,0.4007798676618557,0.08309542424375574,0.727623001521367,-0.04819282573764909,0.8401012991044763,0.23192797386243622,0.32514942119779083,-0.12048206434412272,0.6128790859825822,0.4824465154995583,0.031209411706066344,0.09135528697252983,0.70168313620558
0.1,0.0,-0.5,True,0.012364033102832203,0.013714319084525441,4.598407125246965e-06,1.1092108028555772,0.0003719180535187679,12,0.013099877074307507,0.9562864534249116,0.23192797386243622,0.32514942119779083,-0.053187256045494215,0.8237674801391413,-0.12048206434412272,0.6128790859825822,0.23192797386243622,0.32514942119779083,-0.12048206434412272,0.6128790859825822,0.4824465154995583,0.031209411706066344,0.09135528697252983,0.70168313620558
0.1,0.5,-0.5,True,0.012364033102832203,0.013714319084525441,4.598407125246965e-06,1.1092108028555772,0.0003719180535187679,12,0.5152665610533254,0.020067211225768766,0.5105427476582199,0.021438975940794785,-0.3386319853802978,0.14416526181952005,-0.33885580596784515,0.14388343315365795,0.23192797386243622,0.32514942119779083,-0.12048206434412272,0.6128790859825822,0.4824465154995583,0.031209411706066344,0.09135528697252983,0.70168313620558
0.1,1.0,-0.5,True,0.012364033102832203,0.013714319084525441,4.598407125246965e-06,1.1092108028555772,0.0003719180535187679,12,0.7533636114089111,0.00012569317140853306,0.5963862185034075,0.005511843007538204,-0.44740843569402,0.047928492337139555,-0.352410038206559,0.12752803435341348,0.23192797386243622,0.32514942119779083,-0.12048206434412272,0.6128790859825822,0.4824465154995583,0.031209411706066344,0.09135528697252983,0.70168313620558
0.1,3.0,-0.5,True,0.012364033102832203,0.013714319084525441,4.598407125246965e-06,1.1092108028555772,0.0003719180535187679,12,0.615707406328435,0.0038506513346717747,0.5948801926991059,0.005662870208500721,-0.3388512898525151,0.1438891159033348,-0.013554232238713805,0.9547717562676657,0.23192797386243622,0.32514942119779083,-0.12048206434412272,0.6128790859825822,0.4824465154995583,0.031209411706066344,0.09135528697252983,0.70168313620558
0.1,5.0,-0.5,True,0.012364033102832203,0.013714319084525441,4.598407125246965e-06,1.1092108028555772,0.0003719180535187679,12,0.5735378223061647,0.008195320353549996,0.5903621152862013,0.00613651062464983,-0.31057406327275516,0.18261797703682284,-0.018072309651618407,0.9397186402054868,0.23192797386243622,0.32514942119779083,-0.12048206434412272,0.6128790859825822,0.4824465154995583,0.031209411706066344,0.09135528697252983,0.70168313620558
0.1,10.0,-0.5,True,0.012364033102832203,0.013714319084525441,4.598407125246965e-06,1.1092108028555772,0.0003719180535187679,12,0.5428877564139485,0.013380947930387025,0.5060246702453154,0.02281972004657646,-0.2903621020263089,0.2142745899728419,0.1024097546925043,0.6674624033707837,0.23192797386243622,0.32514942119779083,-0.12048206434412272,0.6128790859825822,0.4824465154995583,0.031209411706066344,0.09135528697252983,0.70168313620558
0.15,-10.0,-0.5,True,0.01943723484290863,0.021248553502924903,4.3556334597110314e-06,1.093188083318194,0.0002240870934015656,12,-0.10100263243205429,0.6717850770021866,0.09924812030075188,0.6771888443218218,-0.005648892634127101,0.9811429434532,-0.15037593984962402,0.5268549482529814,0.4270676691729323,0.06037604759529396,-0.41654135338345866,0.0677080032438911,-0.10534239249977986,0.6584858218358101,0.1580135887496698,0.5058224152498562
0.15,-5.0,-0.5,True,0.01943723484290863,0.021248553502924903,4.3556334597110314e-06,1.093188083318194,0.0002240870934015656,12,-0.08313291809879729,0.7275045819127998,0.09924812030075188,0.6771888443218218,-0.02387646197257689,0.9204101707572014,-0.15037593984962402,0.5268549482529814,0.4270676691729323,0.06037604759529396,-0.41654135338345866,0.0677080032438911,-0.10534239249977986,0.6584858218358101,0.1580135887496698,0.5058224152498562
0.15,-3.0,-0.5,True,0.01943723484290863,0.021248553502924903,4.3556334597110314e-06,1.093188083318194,0.0002240870934015656,12,-0.06211756685254323,0.7947389713523093,0.09924812030075188,0.6771888443218218,-0.045190692302404925,0.8499503007766809,-0.15037593984962402,0.5268549482529814,0.4270676691729323,0.06037604759529396,-0.41654135338345866,0.0677080032438911,-0.10534239249977986,0.6584858218358101,0.1580135887496698,0.5058224152498562
0.15,-1.0,-0.5,True,0.01943723484290863,0.021248553502924903,4.3556334597110314e-06,1.093188083318194,0.0002240870934015656,12,0.01012908879636791,0.966193586108728,0.09924812030075188,0.6771888443218218,-0.11747704366382813,0.6218298063930453,-0.15037593984962402,0.5268549482529814,0.4270676691729323,0.06037604759529396,-0.41654135338345866,0.0677080032438911,-0.10534239249977986,0.6584858218358101,0.1580135887496698,0.5058224152498562
0.15,-0.5,-0.5,True,0.01943723484290863,0.021248553502924903,4.3556334597110314e-06,1.093188083318194,0.0002240870934015656,12,0.06627875910793456,0.7812985846827861,0.0781954887218045,0.7431490742332264,-0.17260802463997027,0.4667896871919515,-0.12030075187969923,0.6134176645307824,0.4270676691729323,0.06037604759529396,-0.41654135338345866,0.0677080032438911,-0.10534239249977986,0.6584858218358101,0.1580135887496698,0.5058224152498562
0.15,0.0,-0.5,True,0.01943723484290863,0.021248553502924903,4.3556334597110314e-06,1.093188083318194,0.0002240870934015656,12,0.19531330965026,0.409247985543746,0.4270676691729323,0.06037604759529396,-0.29568873135533236,0.20560317952321608,-0.41654135338345866,0.0677080032438911,0.4270676691729323,0.06037604759529396,-0.41654135338345866,0.0677080032438911,-0.10534239249977986,0.6584858218358101,0.1580135887496698,0.5058224152498562
0.15,0.5,-0.5,True,0.01943723484290863,0.021248553502924903,4.3556334597110314e-06,1.093188083318194,0.0002240870934015656,12,0.534134687203621,0.015268721000592735,0.6120300751879698,0.004129875210325547,-0.5818029559584186,0.007123015467584703,-0.5593984962406015,0.010333258461010715,0.4270676691729323,0.06037604759529396,-0.41654135338345866,0.0677080032438911,-0.10534239249977986,0.6584858218358101,0.1580135887496698,0.5058224152498562
0.15,1.0,-0.5,True,0.01943723484290863,0.021248553502924903,4.3556334597110314e-06,1.093188083318194,0.0002240870934015656,12,0.49020239913165026,0.02821938524011646,0.2706766917293233,0.24839056913669727,-0.4231446036430785,0.06303471200472618,-0.2827067669172932,0.2271532851047362,0.4270676691729323,0.06037604759529396,-0.41654135338345866,0.0677080032438911,-0.10534239249977986,0.6584858218358101,0.1580135887496698,0.5058224152498562
0.15,3.0,-0.5,True,0.01943723484290863,0.021248553502924903,4.3556334597110314e-06,1.093188083318194,0.0002240870934015656,12,0.20713260626361324,0.3809004372150846,-0.13984962406015036,0.5564935505662204,-0.10466476666906725,0.6605560453767434,0.1819548872180451,0.4426210667757499,0.4270676691729323,0.06037604759529396,-0.41654135338345866,0.0677080032438911,-0.10534239249977986,0.6584858218358101,0.1580135887496698,0.5058224152498562
0.15,5.0,-0.5,True,0.01943723484290863,0.021248553502924903,4.3556334597110314e-06,1.093188083318194,0.0002240870934015656,12,0.16857632061263944,0.4774169967296976,-0.13984962406015036,0.5564935505662204,-0.06416689549788718,0.788112562087651,0.1819548872180451,0.4426210667757499,0.4270676691729323,0.06037604759529396,-0.41654135338345866,0.0677080032438911,-0.10534239249977986,0.6584858218358101,0.1580135887496698,0.5058224152498562
0.15,10.0,-0.5,True,0.01943723484290863,0.021248553502924903,4.3556334597110314e-06,1.093188083318194,0.0002240870934015656,12,0.14339036115285922,0.5464416576661363,-0.10225563909774435,0.6679353573533201,-0.03797740859963917,0.8736997014427861,0.15939849624060148,0.5020524593517315,0.4270676691729323,0.06037604759529396,-0.41654135338345866,0.0677080032438911,-0.10534239249977986,0.6584858218358101,0.1580135887496698,0.5058224152498562
