N_input,N_actual,m_grid,k,epsilon,mode_index,graph_lambda_raw,scale_c,graph_lambda_scaled,target_lambda,abs_error,rel_error
64,64,8,8,0.03125,1,45.74005086255022,0.9897209918581714,45.269888507326414,39.47841760435743,5.791470902968982,0.146699671729744
64,64,8,8,0.03125,2,45.740050862550234,0.9897209918581714,45.26988850732643,39.47841760435743,5.791470902968996,0.14669967172974435
64,64,8,8,0.03125,3,45.740050862550305,0.9897209918581714,45.2698885073265,39.47841760435743,5.791470902969067,0.14669967172974616
64,64,8,8,0.03125,4,45.74005086255039,0.9897209918581714,45.269888507326584,39.47841760435743,5.791470902969152,0.14669967172974832
64,64,8,8,0.03125,5,82.92835199060538,0.9897209918581714,82.07593078530552,78.95683520871486,3.1190955765906523,0.03950380696421812
64,64,8,8,0.03125,6,82.92835199060553,0.9897209918581714,82.07593078530567,78.95683520871486,3.1190955765908086,0.039503806964220095
64,64,8,8,0.03125,7,82.9283519906056,0.9897209918581714,82.07593078530574,78.95683520871486,3.1190955765908797,0.039503806964221
64,64,8,8,0.03125,8,82.92835199060573,0.9897209918581714,82.07593078530587,78.95683520871486,3.1190955765910076,0.039503806964222614
64,64,8,8,0.03125,9,156.16630199855382,0.9897209918581714,154.5610673088314,157.91367041742973,3.3526031085983163,0.02123060720288516
64,64,8,8,0.03125,10,156.16630199855385,0.9897209918581714,154.56106730883144,157.91367041742973,3.352603108598288,0.021230607202884978
64,64,8,8,0.03125,11,156.16630199855388,0.9897209918581714,154.56106730883147,157.91367041742973,3.3526031085982595,0.021230607202884798
64,64,8,8,0.03125,12,156.16630199855396,0.9897209918581714,154.56106730883155,157.91367041742973,3.3526031085981742,0.021230607202884257
64,64,8,8,0.03125,13,172.7088529355716,0.9897209918581714,170.93357723008097,197.39208802178717,26.458510791706203,0.134040381541462
64,64,8,8,0.03125,14,172.70885293557166,0.9897209918581714,170.93357723008103,197.39208802178717,26.458510791706146,0.1340403815414617
64,64,8,8,0.03125,15,172.70885293557168,0.9897209918581714,170.93357723008106,197.39208802178717,26.458510791706118,0.13404038154146156
64,64,8,8,0.03125,16,172.70885293557174,0.9897209918581714,170.9335772300811,197.39208802178717,26.45851079170606,0.13404038154146128
64,64,8,8,0.03125,17,172.70885293557183,0.9897209918581714,170.9335772300812,197.39208802178717,26.458510791705976,0.13404038154146083
64,64,8,8,0.03125,18,172.70885293557185,0.9897209918581714,170.93357723008123,197.39208802178717,26.458510791705947,0.1340403815414607
64,64,8,8,0.03125,19,172.7088529355719,0.9897209918581714,170.93357723008128,197.39208802178717,26.45851079170589,0.13404038154146042
64,64,8,8,0.03125,20,172.70885293557197,0.9897209918581714,170.93357723008134,197.39208802178717,26.458510791705834,0.1340403815414601
144,144,12,12,0.017361111111111105,1,77.84795460622247,0.5764295684901278,44.87386288150388,39.47841760435743,5.39544527714645,0.1366682254394849
144,144,12,12,0.017361111111111105,2,77.84795460622263,0.5764295684901278,44.87386288150397,39.47841760435743,5.3954452771465355,0.13666822543948703
144,144,12,12,0.017361111111111105,3,77.84795460622318,0.5764295684901278,44.87386288150429,39.47841760435743,5.395445277146855,0.13666822543949514
144,144,12,12,0.017361111111111105,4,77.84795460622439,0.5764295684901278,44.873862881504984,39.47841760435743,5.395445277147552,0.1366682254395128
144,144,12,12,0.017361111111111105,5,152.31005314776868,0.5764295684901278,87.79601821267674,78.95683520871486,8.839183003961878,0.11194956054908155
144,144,12,12,0.017361111111111105,6,152.31005314776894,0.5764295684901278,87.79601821267688,78.95683520871486,8.83918300396202,0.11194956054908334
144,144,12,12,0.017361111111111105,7,152.31005314776917,0.5764295684901278,87.79601821267701,78.95683520871486,8.839183003962148,0.11194956054908496
144,144,12,12,0.017361111111111105,8,152.3100531477694,0.5764295684901278,87.79601821267715,78.95683520871486,8.83918300396229,0.11194956054908677
144,144,12,12,0.017361111111111105,9,262.26772198841303,0.5764295684901278,151.17886981466972,157.91367041742973,6.734800602760004,0.04264862304167334
144,144,12,12,0.017361111111111105,10,262.26772198841314,0.5764295684901278,151.1788698146698,157.91367041742973,6.734800602759918,0.0426486230416728
144,144,12,12,0.017361111111111105,11,262.2677219884133,0.5764295684901278,151.1788698146699,157.91367041742973,6.734800602759833,0.04264862304167226
144,144,12,12,0.017361111111111105,12,262.26772198841354,0.5764295684901278,151.17886981467004,157.91367041742973,6.734800602759691,0.042648623041671364
144,144,12,12,0.017361111111111105,13,327.4794897341437,0.5764295684901278,188.7688609568197,197.39208802178717,8.623227064967466,0.043685778651957295
144,144,12,12,0.017361111111111105,14,327.4794897341439,0.5764295684901278,188.76886095681982,197.39208802178717,8.623227064967352,0.04368577865195672
144,144,12,12,0.017361111111111105,15,327.4794897341445,0.5764295684901278,188.76886095682016,197.39208802178717,8.623227064967011,0.04368577865195499
144,144,12,12,0.017361111111111105,16,327.4794897341447,0.5764295684901278,188.76886095682028,197.39208802178717,8.623227064966898,0.043685778651954416
144,144,12,12,0.017361111111111105,17,327.47948973414475,0.5764295684901278,188.7688609568203,197.39208802178717,8.62322706496687,0.04368577865195428
144,144,12,12,0.017361111111111105,18,327.47948973414486,0.5764295684901278,188.76886095682036,197.39208802178717,8.623227064966812,0.043685778651953985
144,144,12,12,0.017361111111111105,19,327.4794897341449,0.5764295684901278,188.7688609568204,197.39208802178717,8.623227064966784,0.04368577865195384
144,144,12,12,0.017361111111111105,20,327.47948973414503,0.5764295684901278,188.76886095682048,197.39208802178717,8.623227064966699,0.04368577865195341
256,256,16,16,0.009765625000000002,1,142.76331398370934,0.28025738362513625,40.01047285472821,39.47841760435743,0.5320552503707745,0.013477116932671812
256,256,16,16,0.009765625000000002,2,151.6580932003964,0.28025738362513625,42.50330040592016,39.47841760435743,3.0248828015627254,0.07662117645842152
256,256,16,16,0.009765625000000002,3,156.13232929562753,0.28025738362513625,43.75723810769078,39.47841760435743,4.27882050333335,0.10838378949770962
256,256,16,16,0.009765625000000002,4,166.93062776236968,0.28025738362513625,46.78354098358326,39.47841760435743,7.305123379225826,0.18504093685911877
256,256,16,16,0.009765625000000002,5,287.96001863917354,0.28025738362513625,80.70292141246024,78.95683520871486,1.746086203745378,0.02211444011312973
256,256,16,16,0.009765625000000002,6,288.40845377435693,0.28025738362513625,80.82859867017233,78.95683520871486,1.871763461457462,0.02370616117666867
256,256,16,16,0.009765625000000002,7,303.84131347436403,0.28025738362513625,85.15377155155012,78.95683520871486,6.196936342835258,0.07848511565153603
256,256,16,16,0.009765625000000002,8,310.3423079802946,0.28025738362513625,86.97572326274361,78.95683520871486,8.01888805402875,0.10156040364119945
256,256,16,16,0.009765625000000002,9,526.1630600099899,0.28025738362513625,147.4610825585953,157.91367041742973,10.45258785883442,0.06619178587391453
256,256,16,16,0.009765625000000002,10,543.2817785530868,0.28025738362513625,152.2587298284988,157.91367041742973,5.654940588930941,0.035810329618598855
256,256,16,16,0.009765625000000002,11,548.0975849927979,0.28025738362513625,153.6083951413373,157.91367041742973,4.305275276092431,0.027263474179986102
256,256,16,16,0.009765625000000002,12,582.4228546210497,0.28025738362513625,163.2283053995785,157.91367041742973,5.31463498214876,0.033655319188642945
256,256,16,16,0.009765625000000002,13,640.0362093157373,0.28025738362513625,179.3748734481786,197.39208802178717,18.017214573608584,0.09127627532679998
256,256,16,16,0.009765625000000002,14,647.5276457042606,0.28025738362513625,181.47440381002028,197.39208802178717,15.917684211766897,0.08063993025905872
256,256,16,16,0.009765625000000002,15,653.1902714405918,0.28025738362513625,183.0613964833328,197.39208802178717,14.330691538454374,0.07260013145447158
256,256,16,16,0.009765625000000002,16,661.8360826541874,0.28025738362513625,185.48444891337198,197.39208802178717,11.907639108415196,0.06032480444252097
256,256,16,16,0.009765625000000002,17,665.9294893140828,0.28025738362513625,186.63165635398798,197.39208802178717,10.760431667799196,0.05451298365419546
256,256,16,16,0.009765625000000002,18,673.1911339878568,0.28025738362513625,188.66678589107528,197.39208802178717,8.725302130711896,0.04420289697603705
256,256,16,16,0.009765625000000002,19,689.462162772199,0.28025738362513625,193.2268618470643,197.39208802178717,4.165226174722875,0.021101282308048423
256,256,16,16,0.009765625000000002,20,697.2485651686775,0.28025738362513625,195.40905861055387,197.39208802178717,1.9830294112333036,0.010046144357186326
576,576,24,24,0.0078125,1,160.48102697155477,0.25838815904251666,41.4663971204325,39.47841760435743,1.9879795160750646,0.05035610940636185
576,576,24,24,0.0078125,2,160.4810269715555,0.25838815904251666,41.46639712043269,39.47841760435743,1.9879795160752565,0.050356109406366714
576,576,24,24,0.0078125,3,160.48102697155718,0.25838815904251666,41.46639712043312,39.47841760435743,1.98797951607569,0.05035610940637769
576,576,24,24,0.0078125,4,160.48102697155946,0.25838815904251666,41.46639712043371,39.47841760435743,1.9879795160762797,0.05035610940639263
576,576,24,24,0.0078125,5,310.996797767221,0.25838815904251666,80.35789004319008,78.95683520871486,1.401054834475218,0.01774456677210609
576,576,24,24,0.0078125,6,310.9967977672215,0.25838815904251666,80.35789004319022,78.95683520871486,1.4010548344753602,0.01774456677210789
576,576,24,24,0.0078125,7,310.9967977672217,0.25838815904251666,80.35789004319028,78.95683520871486,1.401054834475417,0.01774456677210861
576,576,24,24,0.0078125,8,310.9967977672262,0.25838815904251666,80.35789004319143,78.95683520871486,1.401054834476568,0.017744566772123188
576,576,24,24,0.0078125,9,606.3314938657579,0.25838815904251666,156.66887846947216,157.91367041742973,1.244791947957566,0.007882737097219495
576,576,24,24,0.0078125,10,606.3314938657601,0.25838815904251666,156.66887846947273,157.91367041742973,1.2447919479569975,0.007882737097215894
576,576,24,24,0.0078125,11,606.3314938657646,0.25838815904251666,156.6688784694739,157.91367041742973,1.2447919479558323,0.007882737097208516
576,576,24,24,0.0078125,12,606.3314938657676,0.25838815904251666,156.66887846947466,157.91367041742973,1.2447919479550649,0.007882737097203656
576,576,24,24,0.0078125,13,729.1616609325266,0.25838815904251666,188.4067392127393,197.39208802178717,8.985348809047878,0.04552030883860005
576,576,24,24,0.0078125,14,729.1616609325271,0.25838815904251666,188.4067392127394,197.39208802178717,8.985348809047764,0.04552030883859948
576,576,24,24,0.0078125,15,729.1616609325279,0.25838815904251666,188.4067392127396,197.39208802178717,8.985348809047565,0.045520308838598464
576,576,24,24,0.0078125,16,729.1616609325296,0.25838815904251666,188.40673921274006,197.39208802178717,8.98534880904711,0.04552030883859616
576,576,24,24,0.0078125,17,729.1616609325299,0.25838815904251666,188.40673921274015,197.39208802178717,8.985348809047025,0.04552030883859573
576,576,24,24,0.0078125,18,729.1616609325308,0.25838815904251666,188.40673921274038,197.39208802178717,8.985348809046798,0.04552030883859458
576,576,24,24,0.0078125,19,729.1616609325316,0.25838815904251666,188.40673921274058,197.39208802178717,8.985348809046599,0.04552030883859357
576,576,24,24,0.0078125,20,729.1616609325323,0.25838815904251666,188.40673921274077,197.39208802178717,8.9853488090464,0.045520308838592566
1024,1024,32,32,0.004882812500000001,1,261.07247027200543,0.1568961677809424,40.96127009878166,39.47841760435743,1.482852494424229,0.03756109247551399
1024,1024,32,32,0.004882812500000001,2,262.02069952603495,0.1568961677809424,41.11004363491667,39.47841760435743,1.6316260305592394,0.04132957016947783
1024,1024,32,32,0.004882812500000001,3,263.54322734038135,0.1568961677809424,41.34892241432752,39.47841760435743,1.870504809970086,0.0473804403387138
1024,1024,32,32,0.004882812500000001,4,264.75485535157094,0.1568961677809424,41.53902220605921,39.47841760435743,2.060604601701776,0.05219572431581799
1024,1024,32,32,0.004882812500000001,5,514.6177581276987,0.1568961677809424,80.74155412225585,78.95683520871486,1.7847189135409849,0.02260372909860496
1024,1024,32,32,0.004882812500000001,6,515.818236263174,0.1568961677809424,80.92990454121673,78.95683520871486,1.973069332501865,0.024989215022185783
1024,1024,32,32,0.004882812500000001,7,519.4256837333736,0.1568961677809424,81.49589922476211,78.95683520871486,2.5390640160472486,0.03215762143119687
1024,1024,32,32,0.004882812500000001,8,522.1395653787889,0.1568961677809424,81.92169685473881,78.95683520871486,2.964861646023948,0.03755041141386454
1024,1024,32,32,0.004882812500000001,9,984.6464677017632,0.1568961677809424,154.48725740144812,157.91367041742973,3.426413015981609,0.021698013901673065
1024,1024,32,32,0.004882812500000001,10,991.8806428734364,0.1568961677809424,155.62227176293968,157.91367041742973,2.2913986544900524,0.014510451491837018
1024,1024,32,32,0.004882812500000001,11,994.0926965360902,0.1568961677809424,155.96933450553587,157.91367041742973,1.9443359118938588,0.012312650999461872
1024,1024,32,32,0.004882812500000001,12,1012.2976353692426,0.1568961677809424,158.82561964314394,157.91367041742973,0.9119492257142099,0.0057749859356923255
1024,1024,32,32,0.004882812500000001,13,1213.6663842672156,0.1568961677809424,190.41960465607877,197.39208802178717,6.972483365708399,0.0353230133770043
1024,1024,32,32,0.004882812500000001,14,1219.097609820807,0.1568961677809424,191.2717431317912,197.39208802178717,6.120344889995977,0.031006029427686297
1024,1024,32,32,0.004882812500000001,15,1220.7668291174798,0.1568961677809424,191.53363724262516,197.39208802178717,5.858450779162013,0.029679258362753553
1024,1024,32,32,0.004882812500000001,16,1223.460188755984,0.1568961677809424,191.95621504836234,197.39208802178717,5.435872973424836,0.027538454189839922
1024,1024,32,32,0.004882812500000001,17,1230.773907934086,0.1568961677809424,193.10370955963253,197.39208802178717,4.28837846215464,0.021725179084590814
1024,1024,32,32,0.004882812500000001,18,1234.7409365398507,0.1568961677809424,193.72612114535437,197.39208802178717,3.6659668764328046,0.01857200515568878
1024,1024,32,32,0.004882812500000001,19,1243.840981048176,0.1568961677809424,195.1538832553466,197.39208802178717,2.2382047664405604,0.011338877808483987
1024,1024,32,32,0.004882812500000001,20,1248.9205713384677,0.1568961677809424,195.95085150579067,197.39208802178717,1.4412365159965077,0.007301389485466262
