N,A_size,state_kind,Jxy,Jz,eta_micro,energy_baseline,energy_perturbed,S_A_baseline,S_A_perturbed,fit_rel_err_baseline,fit_r2_baseline,fit_rel_err_perturbed,fit_r2_perturbed,xxz_regime_baseline,xxz_regime_perturbed,mean_abs_xx_baseline,mean_abs_yy_baseline,mean_abs_zz_baseline,mean_abs_cross_baseline,eta_eff_baseline,amplification_baseline,delta_near,delta_far,locality_score,compact_locality,xi_upper_bound
8,3,ground,1.0,1.0,1.0,-14.604373635748706,-14.615605637684531,1.0236573246849159,1.0167881617954293,8.40220951765401e-16,1.0,0.003038735006939031,0.9999907660895576,heisenberg_like,heisenberg_like,0.5021242085676262,0.5021242085676262,0.5021242085676251,2.840417178465879e-16,0.9999999999999978,0.9999999999999978,0.004247327259984801,0.004340131978284705,-9.280471829990408e-05,False,nan
8,4,ground,1.0,1.0,1.0,-14.604373635748706,-14.615605637684531,1.0511658766146603,1.0468796336618065,0.0025623900968893627,0.9999934341569914,0.004076516503339823,0.999983382013198,heisenberg_like,heisenberg_like,0.5238699364609701,0.5238699364609392,0.5238699364609616,3.0413557474931154e-15,1.000000000000013,1.000000000000013,0.007061306573795808,0.0023753921347599155,0.004685914439035892,False,nan
8,5,ground,1.0,1.0,1.0,-14.604373635748706,-14.615605637684531,1.0236573253474928,1.0193648935671547,0.11481005231747769,0.986818651886858,0.1156806357007123,0.9866179905238791,heisenberg_like,heisenberg_like,1.261733159727752,1.2617331597277543,1.2617331597277515,1.2727377022662503e-15,0.9999999999999986,0.9999999999999986,0.013210203230025992,0.0055482329292935225,0.007661970300732469,False,nan
8,6,ground,1.0,1.0,1.0,-14.604373635748706,-14.615605637684531,0.927922574850347,0.9249188518825844,0.18122857412169238,0.9671562039218182,0.1812083969605402,0.9671635168709913,heisenberg_like,heisenberg_like,0.4871053716058651,0.4871053716058655,0.4871053716058657,4.0373172744932983e-16,1.0000000000000009,1.0000000000000009,0.0035001262011833054,0.001899286704048671,0.0016008394971346344,False,nan
8,3,thermal,1.0,1.0,1.0,-14.508827026007822,-14.520728311821703,1.0409158687440268,1.0343380311322612,5.654826276186998e-16,1.0,0.002948615540217077,0.9999913056663959,heisenberg_like,heisenberg_like,0.4803847651463828,0.48038476514638306,0.4803847651463855,2.538249806234389e-16,1.0000000000000053,1.0000000000000053,0.004468597933388691,0.004378605408389377,8.999252499931453e-05,False,nan
8,4,thermal,1.0,1.0,1.0,-14.508827026007822,-14.520728311821703,1.0861532346803824,1.0819997344180625,0.009342232291693705,0.999912722695808,0.009642501546349557,0.9999070221639287,heisenberg_like,heisenberg_like,0.4670926303349132,0.4670926303349143,0.4670926303349394,7.401486830834377e-16,1.0000000000000548,1.0000000000000548,0.007110484534074805,0.0009194876897339122,0.006190996844340892,False,nan
8,5,thermal,1.0,1.0,1.0,-14.508827026007822,-14.520728311821703,1.0851076770293706,1.0806645070145884,0.029252865922082878,0.9991442698353447,0.02927974208698836,0.9991426967033195,heisenberg_like,heisenberg_like,0.4942020310540299,0.49420203105406413,0.49420203105364785,5.6571920180788675e-14,0.9999999999991923,0.9999999999991923,0.007430088011195288,0.0003603643354801844,0.007069723675715104,False,nan
8,6,thermal,1.0,1.0,1.0,-14.508827026007822,-14.520728311821703,1.0304920124581534,1.0270067524084263,0.05652992258141566,0.9968043678529391,0.05639932222327344,0.9968191164527553,heisenberg_like,heisenberg_like,0.5182705233860612,0.5182705233232381,0.5182705230582128,5.649640966021854e-11,0.9999999994280268,0.9999999994280268,0.007234440614897218,0.00021386896802100697,0.007020571646876211,False,nan
8,3,random,1.0,1.0,1.0,0.12126331670411086,0.09465564257477344,1.9709853050387496,1.958790173465644,0.1356000755776647,0.9816126195033316,0.1433999700265685,0.9794364485963792,generic_anisotropic,generic_anisotropic,0.0632486100452187,0.041413254764722754,0.02714096715367088,0.04387170147308487,0.5186410007686555,0.5186410007686555,0.05548911145384113,0.08200093878109577,-0.026511827327254635,False,nan
8,4,random,1.0,1.0,1.0,0.12126331670411086,0.09465564257477344,2.2648214604950376,2.285656039252711,0.40437821015315595,0.8364782631533301,0.38582747596354144,0.8511371587916028,generic_anisotropic,generic_anisotropic,0.04799759376286409,0.07240503220976667,0.10535806326708923,0.09317646382460601,1.7500957710181275,1.7500957710181275,0.11306322744032309,0.15309154574699846,-0.04002831830667537,False,nan
8,5,random,1.0,1.0,1.0,0.12126331670411086,0.09465564257477344,1.9845265281106554,1.9206292099810474,0.43629169010182095,0.8096495611480967,0.4275509700538764,0.8172001680059893,generic_anisotropic,generic_anisotropic,0.2663127109882314,0.26223640859944647,0.2912890722784988,0.2713511278030444,1.102221388641169,1.102221388641169,0.35782026777484166,0.42729718267095684,-0.06947691489611518,False,nan
8,6,random,1.0,1.0,1.0,0.12126331670411086,0.09465564257477344,1.3598493036064543,1.3398960576378984,0.23272728315530922,0.9458380116751486,0.23191474170999637,0.9462155525775857,generic_anisotropic,generic_anisotropic,0.07864090620108881,0.09945161959178392,0.07749345478144501,0.07877186337953823,0.8702606067991013,0.8702606067991013,0.09675151284937396,0.12439231717113952,-0.027640804321765564,False,nan
8,3,ground,1.0,1.1,1.1,-15.098273500764398,-15.110238621338247,1.0234183765760076,1.0152875027025121,2.0493827620657562e-15,1.0,0.0034244774152308445,0.9999882729544326,xxz_like,xxz_like,0.4817232885977963,0.4817232885977963,0.5432173295482736,3.595079563762508e-16,1.1276542828757037,1.0251402571597306,0.004138998046448719,0.004941133076031966,-0.0008021350295832471,False,nan
8,4,ground,1.0,1.1,1.1,-15.098273500764398,-15.110238621338247,1.050905745623207,1.0453636671408344,0.002561926207209683,0.9999934365341088,0.0038627888298348903,0.9999850788624561,xxz_like,xxz_like,0.5045311765692567,0.5045311765690854,0.5628822051361018,2.6545124123502874e-15,1.115653960105537,1.0142308728232154,0.006983428376757345,0.002275655597953528,0.004707772778803817,False,nan
8,5,ground,1.0,1.1,1.1,-15.098273500764398,-15.110238621338247,1.0234183772385903,1.01796851530726,0.1148922267203106,0.9867997762392487,0.11578256690646434,0.9865943972005501,heisenberg_like,heisenberg_like,1.2377537493719801,1.2377537493719788,1.3071060439136992,1.993341834187016e-15,1.0560307691064625,0.9600279719149659,0.013220822517830579,0.005515887188245452,0.007704935329585127,False,nan
8,6,ground,1.0,1.1,1.1,-15.098273500764398,-15.110238621338247,0.9277480921164012,0.9237868475776474,0.18117693234984314,0.9671749191843003,0.18114234961235284,0.9671874491769161,heisenberg_like,heisenberg_like,0.47291118292030637,0.4729111829203067,0.5153204590706,4.3186850671356655e-16,1.089677042290286,0.9906154929911689,0.0035821523989303995,0.002020512345011385,0.0015616400539190146,False,nan
8,3,thermal,1.0,1.1,1.1,-15.0111705431707,-15.02406049299687,1.0386112825334692,1.0309156872611607,1.3314385062004921e-15,1.0,0.003339278547761529,0.9999888492187805,xxz_like,xxz_like,0.46025666521921854,0.4602566652192184,0.5282208613594354,2.890517802845059e-16,1.1476658596738534,1.043332599703503,0.004282877750209713,0.004829003952731181,-0.0005461262025214684,False,nan
8,4,thermal,1.0,1.1,1.1,-15.0111705431707,-15.02406049299687,1.081783325529724,1.07643221562829,0.008871576252186313,0.9999212951348017,0.009160402859806988,0.999916087019446,xxz_like,xxz_like,0.4517816657842543,0.4517816657842533,0.5092795897912703,2.9276349862901916e-15,1.1272692726633895,1.0247902478758086,0.0069913325451093555,0.0008730512589565113,0.006118281286152844,False,nan
8,5,thermal,1.0,1.1,1.1,-15.0111705431707,-15.02406049299687,1.077942991731789,1.0723506078443161,0.030021918057385463,0.9990986844361557,0.030039249220897884,0.9990976435062447,heisenberg_like,heisenberg_like,0.4896220019065788,0.48962200190673083,0.5434372392549144,8.649206929371248e-14,1.1099118036744584,1.009010730613144,0.0073869492455504076,0.00040656438181296356,0.006980384863737444,False,nan
8,6,thermal,1.0,1.1,1.1,-15.0111705431707,-15.02406049299687,1.0194564974541402,1.0148672552050653,0.05774628641387234,0.996665366405407,0.057615091596420726,0.996680501220336,heisenberg_like,heisenberg_like,0.5133813441182855,0.5133813439811642,0.5696104381654354,6.829848009044464e-11,1.1095269525615337,1.0086608659650305,0.007178998702553657,0.000187434292038336,0.006991564410515322,False,nan
8,3,random,1.0,1.1,1.1,0.27084429152307055,-0.23940466720409093,1.9410695311463515,1.9631916845730557,0.17434769156363306,0.9696028824464322,0.12118649759764472,0.985313832800016,generic_anisotropic,generic_anisotropic,0.07625515271286112,0.09739445867488189,0.05920744236530562,0.06746442472000952,0.6819185127123728,0.6199259206476115,0.07759855084954081,0.11328415453188281,-0.035685603682342,False,nan
8,4,random,1.0,1.1,1.1,0.27084429152307055,-0.23940466720409093,2.2613866053894736,2.2749106427996173,0.39993923213904015,0.840048610596035,0.41492893905479394,0.827833975534863,generic_anisotropic,generic_anisotropic,0.1126361854528931,0.115903442273586,0.09672389799348935,0.1286030800346878,0.8464518731889289,0.7695017028990262,0.16196721578986129,0.12347599677367253,0.03849121901618875,False,nan
8,5,random,1.0,1.1,1.1,0.27084429152307055,-0.23940466720409093,1.9770017213056361,1.9592757748301532,0.43688128634148643,0.8091347416446082,0.4313885930689816,0.8139038817699646,generic_anisotropic,generic_anisotropic,0.2721190717238202,0.3415457044212354,0.26298265728609566,0.275546139910832,0.8570889759653825,0.7791717963321658,0.4194421190991247,0.37563930310160176,0.04380281599752295,False,nan
8,6,random,1.0,1.1,1.1,0.27084429152307055,-0.23940466720409093,1.3590685124296578,1.355414153910263,0.23306050999602745,0.9456827986803916,0.23234151337805906,0.9460174211611933,generic_anisotropic,generic_anisotropic,0.0669554642244203,0.07235972921483454,0.07001123999123687,0.085501331666926,1.0050768801719197,0.913706254701745,0.1216372808412116,0.1273124687523491,-0.005675187911137511,False,nan
8,3,ground,1.0,1.25,1.25,-15.865611697125235,-15.878913916068864,1.02202668184966,1.0114309845146425,1.6503600743715045e-15,1.0,0.004079326662973886,0.9999833590939767,xxz_like,xxz_like,0.4527709960833271,0.4527709960833272,0.602754608073153,2.3001290303499066e-16,1.3312571107408635,1.0650056885926908,0.004000081871652909,0.0059445760728933,-0.0019444942012403913,False,nan
8,4,ground,1.0,1.25,1.25,-15.865611697125235,-15.878913916068864,1.0493829632170666,1.0413709767934523,0.0025645719194356616,0.99999342297087,0.003578485484657054,0.9999871944416361,xxz_like,xxz_like,0.47758595845342794,0.4775859584536808,0.6185364443001401,5.8336823026571156e-15,1.2951311347238725,1.036104907779098,0.006933036186090495,0.002174394009872702,0.0047586421762177925,False,nan
8,5,ground,1.0,1.25,1.25,-15.865611697125235,-15.878913916068864,1.022026682512275,1.0142652980732547,0.11521505111333301,0.986725491996952,0.11615231348955675,0.9865086400710237,xxz_like,xxz_like,1.2011674437129085,1.2011674437129067,1.367642042021348,1.0087417012805133e-15,1.13859399801401,0.910875198411208,0.013305142310453606,0.005519898000230258,0.007785244310223348,False,nan
8,6,ground,1.0,1.25,1.25,-15.865611697125235,-15.878913916068864,0.9267433359623672,0.9208321331840658,0.18091169828621895,0.9672709574231961,0.18085132845044016,0.967292796997711,xxz_like,xxz_like,0.4517570548107511,0.45175705481075096,0.5566444197650835,4.702414273883567e-16,1.2321764847662902,0.9857411878130321,0.0037360078902309774,0.0023625050156052415,0.001373502874625736,False,nan
8,3,thermal,1.0,1.25,1.25,-15.784875399279137,-15.799573750425253,1.035127412972144,1.025360018060045,2.6472792855994424e-15,1.0,0.0040400482434534545,0.9999836780101906,xxz_like,xxz_like,0.43070200200934555,0.4307020020093455,0.5970707724177383,2.433317499917832e-16,1.386273501474885,1.109018801179908,0.0040349742172622015,0.005543077970158846,-0.0015081037528966446,False,nan
8,4,thermal,1.0,1.25,1.25,-15.784875399279137,-15.799573750425253,1.0762008880598115,1.068640727397485,0.008654607095017388,0.9999250977760309,0.008927107611949557,0.9999203067496847,xxz_like,xxz_like,0.4311898751023419,0.4311898751023439,0.5701916596822038,6.422524549224799e-15,1.3223679232887107,1.0578943386309685,0.006837517107518429,0.0008807489564480092,0.0059567681510704195,False,nan
8,5,thermal,1.0,1.25,1.25,-15.784875399279137,-15.799573750425253,1.0699182209227338,1.0621714061917475,0.0321219943280115,0.9989681774803912,0.032105104085820624,0.9989692622916386,xxz_like,xxz_like,0.4825040869608433,0.4825040869610754,0.6208085290784314,1.1350061515646992e-13,1.2866389028714333,1.0293111222971467,0.007345943205460437,0.00045849684242405735,0.006887446363036379,False,nan
8,6,thermal,1.0,1.25,1.25,-15.784875399279137,-15.799573750425253,1.0084094497343121,1.0017390608904602,0.05945136568146187,0.9964655351186091,0.05931970218515936,0.996481172932664,xxz_like,xxz_like,0.507323753182267,0.5073237534144022,0.6461631902306162,5.748960048162423e-11,1.2736702865371974,1.018936229229758,0.00709022533037416,0.00017849687772200973,0.00691172845265215,False,nan
8,3,random,1.0,1.25,1.25,0.7806739685215357,-0.17470300617484907,1.9850962423617948,1.9531957408048712,0.14174398876006042,0.9799086416503878,0.14308411967177115,0.9795269346977543,generic_anisotropic,generic_anisotropic,0.04613134037882629,0.05811224237467416,0.07365116656149405,0.04642098423689652,1.413059003078458,1.1304472024627663,0.06332069636332886,0.0737364016512198,-0.01041570528789093,False,nan
8,4,random,1.0,1.25,1.25,0.7806739685215357,-0.17470300617484907,2.2859503060111663,2.2199789813472206,0.40859705558248866,0.8330484461693206,0.39966408368445705,0.8402686202126632,generic_anisotropic,generic_anisotropic,0.13334362975440076,0.08379821849552467,0.1466923601678141,0.0991551754740128,1.3511201212488018,1.0808960969990413,0.14810311915461713,0.10785659059810727,0.040246528556509856,False,nan
8,5,random,1.0,1.25,1.25,0.7806739685215357,-0.17470300617484907,1.9465810872136862,1.9213467752057949,0.43159156371511626,0.8137287221299407,0.4331179809008317,0.8124088146203867,generic_anisotropic,generic_anisotropic,0.35665258667963384,0.17777004975173155,0.3622138283783929,0.2684412010536344,1.3555332565891833,1.0844266052713467,0.3479249149840662,0.4068908689196734,-0.05896595393560722,False,nan
8,6,random,1.0,1.25,1.25,0.7806739685215357,-0.17470300617484907,1.3580767192176486,1.36451505477656,0.23264838567471707,0.9458747286429481,0.23252532139137622,0.9459319749118372,generic_anisotropic,generic_anisotropic,0.08817410275947535,0.06445564856668363,0.08566498855052014,0.07641123902409473,1.1225201876593525,0.8980161501274819,0.1066785918147478,0.1254964962600439,-0.018817904445296088,False,nan
8,3,ground,1.0,1.5,1.5,-17.21418163715082,-17.2304547059586,1.0163632635542201,0.9995604947320222,1.99028526491139e-15,1.0,0.005427236783554884,0.9999705451008952,xxz_like,xxz_like,0.40893663871088465,0.4089366387108843,0.6967370366813607,1.6738224310957209e-16,1.703777482198041,1.1358516547986939,0.0038471207224860518,0.007939479039636491,-0.0040923583171504395,False,nan
8,4,ground,1.0,1.5,1.5,-17.21418163715082,-17.2304547059586,1.043144322676882,1.0288649609012719,0.002621736556148776,0.9999931264974301,0.0033238158487603983,0.9999889522482035,xxz_like,xxz_like,0.4376948979791461,0.4376948979792337,0.7045716676145289,3.8772997158610505e-15,1.6097324206142052,1.0731549470761368,0.007051932250507939,0.002130029258424303,0.004921902992083636,False,nan
8,5,ground,1.0,1.5,1.5,-17.21418163715082,-17.2304547059586,1.016363264216972,1.0026323590634725,0.11580699242264679,0.9865887405060211,0.11688693919112719,0.9863374434465297,xxz_like,xxz_like,1.1396209479640702,1.1396209479640733,1.451725479081501,2.443300191797467e-15,1.2738669657441826,0.8492446438294551,0.013665693043377995,0.005680733771734753,0.007984959271643242,False,nan
8,6,ground,1.0,1.5,1.5,-17.21418163715082,-17.2304547059586,0.9227150439007941,0.9116413871445341,0.18001401435388817,0.9675949546361982,0.17989339335387478,0.9676383670276281,xxz_like,xxz_like,0.41724478946224364,0.4172447894622445,0.6218195924801989,4.635278913058051e-16,1.4902992396420724,0.9935328264280483,0.004109385685863139,0.003051642248871295,0.001057743436991844,False,nan
8,3,thermal,1.0,1.5,1.5,-17.1296051677339,-17.148305398195916,1.0276946751840736,1.0133216585087699,5.033053627012132e-16,1.0,0.005429219373698515,0.9999705235769922,xxz_like,xxz_like,0.38445734933269887,0.3844573493326993,0.703673054394787,2.299713721392183e-16,1.8303019973896952,1.2202013315931302,0.0037540164867047427,0.006819425837553493,-0.0030654093508487505,False,nan
8,4,thermal,1.0,1.5,1.5,-17.1296051677339,-17.148305398195916,1.0670902144497503,1.0546391100632797,0.009696088802955404,0.9999059858619253,0.009963170001847071,0.9999007352435143,xxz_like,xxz_like,0.4016658068270927,0.40166580682709485,0.6883093961468153,2.1818966386730508e-15,1.7136370197503863,1.1424246798335909,0.006674718464048637,0.001184498887547973,0.005490219576500664,False,nan
8,5,thermal,1.0,1.5,1.5,-17.1296051677339,-17.148305398195916,1.0606453117185866,1.048039810343154,0.0390460721711963,0.9984754042480017,0.03894018831714362,0.9984836617338254,xxz_like,xxz_like,0.47114328070966405,0.4711432807097925,0.7586491068901392,4.580122161164842e-13,1.6102301315797465,1.0734867543864977,0.0073408217449682156,0.0004960905474568665,0.006844731197511349,False,nan
8,6,thermal,1.0,1.5,1.5,-17.1296051677339,-17.148305398195916,1.0007712531331658,0.9893418726412622,0.06213084539668073,0.9961397580502938,0.06199026546339975,0.9961572069877772,xxz_like,xxz_like,0.497732165077794,0.4977321641139591,0.7714000962749082,2.244077837773861e-09,1.5498297099228675,1.033219806615245,0.006939610499718494,0.0003193848762493076,0.006620225623469186,False,nan
8,3,random,1.0,1.5,1.5,0.5113190915026807,-0.03946087101591829,1.9585560558587434,1.978181975956414,0.1499867689433263,0.9775039691419413,0.14784796311334303,0.9781409798032356,generic_anisotropic,generic_anisotropic,0.03269265029154955,0.029961479629928747,0.06713975454357264,0.05313833793061513,2.1431868777913277,1.4287912518608852,0.08285128799183554,0.08438417995691562,-0.0015328919650800799,False,nan
8,4,random,1.0,1.5,1.5,0.5113190915026807,-0.03946087101591829,2.3110682554653366,2.283590119182851,0.38440337927079815,0.8522340420051909,0.36059179748070624,0.8699735555896333,generic_anisotropic,generic_anisotropic,0.07891095834258673,0.07339486763221052,0.1165824759674499,0.11879492719708779,1.5308997567399865,1.0205998378266576,0.13594897084494575,0.11696804592381224,0.018980924921133513,False,nan
8,5,random,1.0,1.5,1.5,0.5113190915026807,-0.03946087101591829,1.9725688740957406,1.9748151137360803,0.4347397580357823,0.8110013427829894,0.4400831506746227,0.8063268204922973,generic_anisotropic,generic_anisotropic,0.39781391360945806,0.25108796286639806,0.26438209564955106,0.24561525343174712,0.8148600126891081,0.5432400084594055,0.37079348427313213,0.37668409805287784,-0.0058906137797457014,False,nan
8,6,random,1.0,1.5,1.5,0.5113190915026807,-0.03946087101591829,1.3576328826285664,1.3642816460893696,0.23286196060529096,0.9457753073030599,0.2333448037704857,0.9455502025533136,generic_anisotropic,generic_anisotropic,0.11606569221584946,0.06881745165725303,0.06713987631249774,0.06508753222979985,0.7262952685246445,0.48419684568309634,0.10469404619049384,0.10247567815739822,0.002218368033095622,False,nan
8,3,ground,1.0,2.0,2.0,-20.157714815788527,-20.183365186012164,0.9914402382889604,0.949138426798792,1.1166637067823103e-15,1.0,0.009220007988211371,0.9999149914526974,xxz_like,xxz_like,0.3374158139470475,0.3374158139470477,0.8664259419175587,2.353847307992973e-16,2.567828495594849,1.2839142477974246,0.00401954535611241,0.013444688968562487,-0.009425143612450077,False,nan
8,4,ground,1.0,2.0,2.0,-20.157714815788527,-20.183365186012164,1.0154969234398281,0.9753143593938169,0.0031667850537785746,0.9999899714724232,0.004267329180267973,0.9999817899016672,xxz_like,xxz_like,0.3738587486324731,0.3738587486325023,0.8558353376539408,9.774781293023535e-15,2.289194356918067,1.1445971784590334,0.008345492848340678,0.002488873406420131,0.0058566194419205474,False,nan
8,5,ground,1.0,2.0,2.0,-20.157714815788527,-20.183365186012164,0.9914402389523107,0.9525590866512452,0.11534776071691255,0.9866948940975939,0.11712569093597351,0.9862815725227708,xxz_like,xxz_like,1.019265468468597,1.0192654684685967,1.582459584039533,1.3708652268906718e-15,1.5525490002296574,0.7762745001148287,0.015783622086719427,0.007022101365188806,0.008761520721530622,False,nan
8,6,ground,1.0,2.0,2.0,-20.157714815788527,-20.183365186012164,0.9052746210354453,0.8717102152637842,0.17695073371922526,0.9686884378362278,0.17657830632914057,0.9688201017339322,xxz_like,xxz_like,0.35335742760333855,0.35335742760333877,0.7334631321860593,4.1191261164658024e-16,2.075697508782547,1.0378487543912736,0.005420748584599185,0.004938519312925137,0.00048222927167404766,False,nan
8,3,thermal,1.0,2.0,2.0,-20.040121163141812,-20.070361918517705,0.9997492697190824,0.9724641440051702,1.111091345518308e-15,1.0,0.008439393918594624,0.9999287766302868,xxz_like,xxz_like,0.3165615559512965,0.3165615559512966,0.8883995530196688,3.477095917328699e-16,2.806403798306925,1.4032018991534625,0.0033473455271843307,0.009438615265267644,-0.006091269738083313,False,nan
8,4,thermal,1.0,2.0,2.0,-20.040121163141812,-20.070361918517705,1.0366602818723596,1.0106004288243955,0.01396327436084286,0.9998050269691239,0.01427520514463567,0.9997962185180785,xxz_like,xxz_like,0.35058187034880167,0.3505818703488006,0.8893177632497156,3.0181779143835364e-15,2.5366906804533698,1.2683453402266849,0.006708904906240459,0.0017218366547312163,0.004987068251509243,False,nan
8,5,thermal,1.0,2.0,2.0,-20.040121163141812,-20.070361918517705,1.0368119276838144,1.0104580107608128,0.06062765995231357,0.9963242868487067,0.06038943663461484,0.9963531159429538,xxz_like,xxz_like,0.4613703990373084,0.4613703990385091,1.059242367163224,4.880787585435457e-12,2.295861133206751,1.1479305666033754,0.007475599901102353,0.0005012694605662362,0.006974330440536116,False,nan
8,6,thermal,1.0,2.0,2.0,-20.040121163141812,-20.070361918517705,0.9949191022605199,0.9696537913757304,0.0693509351550357,0.995190447793122,0.06930110777363392,0.9951973564613472,xxz_like,xxz_like,0.47300769816156124,0.4730076457975414,0.9147994027563133,1.5152202938984198e-08,1.9340054230576227,0.9670027115288113,0.006222446535690949,0.0011667010513193654,0.005055745484371583,False,nan
8,3,random,1.0,2.0,2.0,0.17484597863513673,0.12203571437117522,1.962706975838684,1.9543383799073766,0.1662073748218514,0.9723751085548286,0.16614088239485883,0.9723972071970577,generic_anisotropic,generic_anisotropic,0.0855643489908694,0.06059349055678424,0.022395614280329438,0.05353621000995309,0.3064579272605835,0.15322896363029176,0.06553180398066459,0.05155634561020675,0.013975458370457841,False,nan
8,4,random,1.0,2.0,2.0,0.17484597863513673,0.12203571437117522,2.2867975948678985,2.2799209027708125,0.38304610662893995,0.8532756801964108,0.4078506872074892,0.8336578169443789,generic_anisotropic,generic_anisotropic,0.09103918067432241,0.053852707969883486,0.08476997536211521,0.0758010025663118,1.170113470882762,0.585056735441381,0.12882442385085796,0.11403324734357449,0.014791176507283468,False,nan
8,5,random,1.0,2.0,2.0,0.17484597863513673,0.12203571437117522,1.9778276827572858,1.9458146174791748,0.4375698291403213,0.8085326446261101,0.4324687605895171,0.8129707711141669,generic_anisotropic,generic_anisotropic,0.3283020591340972,0.3608512397647319,0.1509470493738639,0.28215154783255275,0.4380652305228931,0.21903261526144654,0.4057480653565176,0.4404839703196546,-0.034735904963137,False,nan
8,6,random,1.0,2.0,2.0,0.17484597863513673,0.12203571437117522,1.3486290831626597,1.353500820512626,0.23266111237870582,0.9458688067867032,0.23255985610665933,0.9459159133276499,generic_anisotropic,generic_anisotropic,0.0892554822219644,0.08775729312350616,0.042759823698165896,0.08564663872873349,0.4831269789958699,0.24156348949793496,0.11490312965494504,0.10736221817805393,0.007540911476891107,False,nan
10,3,ground,1.0,1.0,1.0,-18.06178541796817,-18.07392041493993,1.0511694064983663,1.0425928003496936,1.1831215412335985e-15,1.0,0.004169378693219033,0.9999826162813126,heisenberg_like,heisenberg_like,0.4879440746815884,0.48794407468159,0.4879440746815864,3.2456841773718933e-16,0.9999999999999943,0.9999999999999943,0.004397580990519515,0.0047100165684026765,-0.00031243557788316126,False,nan
10,4,ground,1.0,1.0,1.0,-18.06178541796817,-18.07392041493993,1.1069661495230483,1.101097463362881,0.002815585380302655,0.9999920724789663,0.003497637251385502,0.9999877665336577,heisenberg_like,heisenberg_like,0.49463535232158384,0.4946353523215859,0.4946353523215028,1.0922975487067295e-15,0.9999999999998341,0.9999999999998341,0.007145188590132373,0.0022729688108294923,0.004872219779302881,False,nan
10,5,ground,1.0,1.0,1.0,-18.06178541796817,-18.07392041493993,1.124102305273112,1.1178074521257726,0.003640689998875865,0.999986745376332,0.004654215812506948,0.9999783382751706,heisenberg_like,heisenberg_like,0.5138185527675627,0.5138185527681608,0.5138185527706154,5.809807604624517e-13,1.000000000005359,1.000000000005359,0.00791270874343435,0.001278703295662272,0.006634005447772078,False,nan
10,6,ground,1.0,1.0,1.0,-18.06178541796817,-18.07392041493993,1.1069661508442021,1.10184378127421,0.12643569831094792,0.9840140141926229,0.1269856818180173,0.9838746366132133,heisenberg_like,heisenberg_like,0.7978861625213463,0.797886162521331,0.7978861625213388,1.778935903199857e-14,1.0000000000000002,1.0000000000000002,0.009665456143824297,0.0025342329572506654,0.007131223186573632,False,nan
10,3,thermal,1.0,1.0,1.0,-17.889339668382313,-17.902592604884468,1.075165838430285,1.0674325825220132,1.0268055943281325e-15,1.0,0.003831157323855924,0.9999853222335598,heisenberg_like,heisenberg_like,0.46375829514571243,0.46375829514571265,0.4637582951457089,2.417658112054096e-16,0.9999999999999921,0.9999999999999921,0.0046291970745205475,0.004305868928948526,0.0003233281455720218,False,nan
10,4,thermal,1.0,1.0,1.0,-17.889339668382313,-17.902592604884468,1.1538483933873376,1.1485726521381652,0.003957873964397507,0.9999843352336819,0.004313196187264684,0.9999813963386501,heisenberg_like,heisenberg_like,0.43640893481258275,0.43640893481258364,0.4364089348125821,2.977941967093519e-15,0.9999999999999974,0.9999999999999974,0.007025285796531599,0.0011403318600863382,0.005884953936445262,False,nan
10,5,thermal,1.0,1.0,1.0,-17.889339668382313,-17.902592604884468,1.2022511217547889,1.1962337375358651,0.013840366405159678,0.9998084442577709,0.013849194232616185,0.9998081998191073,heisenberg_like,heisenberg_like,0.4219907801961978,0.4219907801961923,0.42199078019631014,4.042833776085608e-14,1.0000000000002727,1.0000000000002727,0.006924041462721615,0.00033239512999904254,0.006591646332722572,False,nan
10,6,thermal,1.0,1.0,1.0,-17.889339668382313,-17.902592604884468,1.2266157364232593,1.221457130246215,0.027515142070223396,0.9992429169568554,0.027497287702402375,0.9992438991690114,heisenberg_like,heisenberg_like,0.3967923198549068,0.39679231985918745,0.39679231985522734,5.164578289148966e-12,0.9999999999954138,0.9999999999954138,0.006050937657604348,0.00032664117746959465,0.005724296480134753,False,nan
10,3,random,1.0,1.0,1.0,0.20187756078408198,-0.06702467856491366,2.0415296929854603,2.0427982700259344,0.09559661778887271,0.9908612866673282,0.0736089229386264,0.9945817264638154,generic_anisotropic,generic_anisotropic,0.017054664325392408,0.034376578119345726,0.021339655266973668,0.0234144218433968,0.8298323840767685,0.8298323840767685,0.04937884250842258,0.03202978910501998,0.0173490534034026,False,nan
10,4,random,1.0,1.0,1.0,0.20187756078408198,-0.06702467856491366,2.6408856944370527,2.6428509763537837,0.15951835442159362,0.9745538946026269,0.16099021369504,0.9740821510944253,generic_anisotropic,generic_anisotropic,0.02387927558338521,0.034339285156101136,0.017357243247352636,0.023406671575708502,0.5962786790632632,0.5962786790632632,0.042998227880684116,0.03783659155274367,0.005161636327940443,False,nan
10,5,random,1.0,1.0,1.0,0.20187756078408198,-0.06702467856491366,2.954792504883467,2.9571422063699373,0.44390035716600673,0.8029524729078917,0.3724278405297957,0.861297503598313,generic_anisotropic,generic_anisotropic,0.05074222863705223,0.0755656616065188,0.04689578372541815,0.05837284145880368,0.7425630122549705,0.7425630122549705,0.06619341208932263,0.06256097634099089,0.003632435748331733,False,nan
10,6,random,1.0,1.0,1.0,0.20187756078408198,-0.06702467856491366,2.6440486990844843,2.6455521302527734,0.43736833735523906,0.8087089374791138,0.438563780798726,0.807661810171527,generic_anisotropic,generic_anisotropic,0.15148321804020048,0.1599625481685078,0.1273967727112336,0.139354826570801,0.8180992425234096,0.8180992425234096,0.21269591106329158,0.1967968700053232,0.015899041057968383,False,nan
10,3,ground,1.0,1.1,1.1,-18.672905457259557,-18.685994505509935,1.0509015214562794,1.0404924338984813,1.195121741461631e-15,1.0,0.004772582636082704,0.9999772224549818,xxz_like,xxz_like,0.46739102983605824,0.46739102983605924,0.5292814185408993,2.7900935201582517e-16,1.1324167233730376,1.0294697485209432,0.004296860681466094,0.005444913677834272,-0.0011480529963681782,False,nan
10,4,ground,1.0,1.1,1.1,-18.672905457259557,-18.685994505509935,1.1066518258426121,1.0989065960759619,0.002839527648399528,0.9999919370827339,0.0034292230142935315,0.9999882404295183,xxz_like,xxz_like,0.47514297422423235,0.4751429742242233,0.5338835009489411,7.893377309800246e-15,1.123627055247149,1.0214791411337718,0.0071129623880446325,0.0022332098255861263,0.004879752562458506,False,nan
10,5,ground,1.0,1.1,1.1,-18.672905457259557,-18.685994505509935,1.1237739801139364,1.1156240482948112,0.0036403593515877027,0.9999867477837913,0.004418163768622532,0.9999804798289136,xxz_like,xxz_like,0.4950120911549331,0.49501209116130307,0.5517245165668305,5.797547699438558e-13,1.1145677578824984,1.0132434162568167,0.007864718102883526,0.0012279626973697956,0.0066367554055137305,False,nan
10,6,ground,1.0,1.1,1.1,-18.672905457259557,-18.685994505509935,1.106651827163781,1.0997838438795342,0.1265136986174526,0.9839942840621324,0.12705377323830191,0.9838573387059102,heisenberg_like,heisenberg_like,0.7826285125247145,0.7826285125247172,0.8273935503889903,1.0005129888973223e-14,1.0571983222536385,0.961089383866944,0.00978711340035558,0.002473092105453501,0.007314021294902079,False,nan
10,3,thermal,1.0,1.1,1.1,-18.513109720113235,-18.527691014977,1.0723784464798867,1.063263750209717,3.805651952667657e-15,1.0,0.004352581704892047,0.9999810550325022,xxz_like,xxz_like,0.44330351373320176,0.443303513733202,0.5114595459352261,3.1130043181299615e-16,1.1537457522681478,1.0488597747892252,0.004451116817237476,0.004826032795455188,-0.00037491597821771167,False,nan
10,4,thermal,1.0,1.1,1.1,-18.513109720113235,-18.527691014977,1.148684391469905,1.1418903821449449,0.004140193599965182,0.9999828587969548,0.004501629338073194,0.9999797353333026,xxz_like,xxz_like,0.4207312772449096,0.4207312772449207,0.4772639561624136,6.561109680250057e-16,1.1343676640531524,1.0312433309574112,0.006937614430494906,0.0011351355725321885,0.005802478857962718,False,nan
10,5,thermal,1.0,1.1,1.1,-18.513109720113235,-18.527691014977,1.1940492928250472,1.1865111754308089,0.014159035523399968,0.9997995217130471,0.014177584541978783,0.9997989960965551,xxz_like,xxz_like,0.40828483718234976,0.4082848371824208,0.45989174852959536,1.9000353952229137e-14,1.1263992846350959,1.0239993496682689,0.0068668261654335466,0.0003493986220542675,0.006517427543379279,False,nan
10,6,thermal,1.0,1.1,1.1,-18.513109720113235,-18.527691014977,1.2146001738302887,1.2078805805008508,0.02804088395409463,0.9992137088270729,0.028034471217751794,0.999214068423541,xxz_like,xxz_like,0.3853213965841801,0.3853213965851029,0.43080381035074095,2.167501930567385e-12,1.1180376022957463,1.0163978202688602,0.005956875216319504,0.0003675463150224402,0.005589328901297064,False,nan
10,3,random,1.0,1.1,1.1,-0.04422661168482544,0.20280137032294732,2.0536886884864978,2.0491539967881764,0.07745071437795385,0.9940013868423446,0.0841389992795351,0.9929206288002383,generic_anisotropic,generic_anisotropic,0.025759269685235602,0.03372618207950504,0.024405885974144278,0.022064947080586726,0.8205665503110663,0.7459695911918783,0.03767813407223364,0.03403086682593797,0.003647267246295667,False,nan
10,4,random,1.0,1.1,1.1,-0.04422661168482544,0.20280137032294732,2.66420123804315,2.653638160286403,0.14675721683626872,0.9784623193064724,0.15893542058900106,0.9747395320821973,generic_anisotropic,generic_anisotropic,0.03378607103316836,0.03168109897549656,0.02014394423275243,0.022833291954437514,0.6153907135465386,0.559446103224126,0.03167739592036936,0.0390075394047974,-0.007330143484428037,False,nan
10,5,random,1.0,1.1,1.1,-0.04422661168482544,0.20280137032294732,2.970247136760808,2.9841635477549877,0.35726454200555957,0.8723620470255578,0.3566028853454634,0.8728343821632902,generic_anisotropic,generic_anisotropic,0.059221576668686146,0.07339148645617806,0.04983183251876683,0.04254429557446863,0.751537312306055,0.68321573846005,0.06795059272301343,0.05749165704415059,0.010458935678862843,False,nan
10,6,random,1.0,1.1,1.1,-0.04422661168482544,0.20280137032294732,2.655622053112597,2.651986578034859,0.4392756876802274,0.8070368702130633,0.4387609910972887,0.807488792691325,generic_anisotropic,generic_anisotropic,0.13594414406582075,0.18264070837605448,0.12824814833463316,0.12211906162092961,0.8051114003170105,0.7319194548336458,0.2087675694515798,0.1522436212490599,0.05652394820251988,False,nan
10,3,ground,1.0,1.25,1.25,-19.623670839024832,-19.638568477376744,1.0493037105125014,1.0351004408650704,1.1904909411921727e-15,1.0,0.005859524651333565,0.9999656659708605,xxz_like,xxz_like,0.4378672195545796,0.4378672195545806,0.5897399233402661,1.9960993282569182e-16,1.3468464799447157,1.0774771839557726,0.004171654754218897,0.006738218514305086,-0.0025665637600861893,False,nan
10,4,ground,1.0,1.25,1.25,-19.623670839024832,-19.638568477376744,1.1047535548904492,1.0931014624806157,0.003017433806952881,0.9999908950932207,0.003611262792914245,0.9999869587810405,xxz_like,xxz_like,0.44765816263080055,0.447658162630884,0.5904613711163654,9.123681748373574e-15,1.3190005687515738,1.055200455001259,0.0071704587595652815,0.0022273783191467268,0.004943080440418555,False,nan
10,5,ground,1.0,1.25,1.25,-19.623670839024832,-19.638568477376744,1.1217840113214532,1.1097315688427922,0.0036454464067044302,0.9999867107204958,0.004119128060214285,0.9999830327840236,xxz_like,xxz_like,0.46881188294728987,0.46881188294695936,0.6057178628508266,5.402047515909448e-13,1.2920275378752357,1.0336220303001886,0.00789251620177898,0.0011706776614260278,0.0067218385403529516,False,nan
10,6,ground,1.0,1.25,1.25,-19.623670839024832,-19.638568477376744,1.1047535562117117,1.0941657529851512,0.12682845955648195,0.9839145418465298,0.12735987773772103,0.9837794615426327,xxz_like,xxz_like,0.7593232976445213,0.7593232976445169,0.8664093055720933,1.8938832819892792e-14,1.1410282132258598,0.9128225705806878,0.010115192614225752,0.0024309203565320027,0.007684272257693749,False,nan
10,3,thermal,1.0,1.25,1.25,-19.477425918976337,-19.49447599846664,1.0675689362622307,1.0558374923465543,8.342889436458985e-16,1.0,0.005311913631942752,0.9999717835735668,xxz_like,xxz_like,0.4131951088422004,0.4131951088422001,0.5815778034212093,2.0929321390373522e-16,1.4075137652302527,1.1260110121842022,0.0042070380134409825,0.005656758466423951,-0.0014497204529829687,False,nan
10,4,thermal,1.0,1.25,1.25,-19.477425918976337,-19.49447599846664,1.140660247588822,1.1310139609075656,0.005472390172416209,0.9999700529458009,0.005816427253260675,0.9999661691740075,xxz_like,xxz_like,0.39997726089897784,0.39997726089897645,0.54736598092192,1.2266422445684889e-15,1.3684927480419171,1.0947941984335336,0.006846519958974594,0.0011559643021542497,0.0056905556568203446,False,nan
10,5,thermal,1.0,1.25,1.25,-19.477425918976337,-19.49447599846664,1.1822880659881623,1.171861688536744,0.015234712962866609,0.999767903520939,0.015265305189932321,0.9997669704574582,xxz_like,xxz_like,0.38857568599055725,0.38857568599060255,0.5168170954626451,2.883736363127702e-14,1.3300294230843206,1.0640235384674566,0.006822921052630459,0.00036959289203761307,0.006453328160592846,False,nan
10,6,thermal,1.0,1.25,1.25,-19.477425918976337,-19.49447599846664,1.1983960890532008,1.1887081301943847,0.0289226599508651,0.9991634797413667,0.028934034490218176,0.9991628216481189,xxz_like,xxz_like,0.36885766883189147,0.36885766882909293,0.4816489580082661,3.7761204920757084e-12,1.3057853982957501,1.0446283186366,0.005837722071670613,0.00042845778420892976,0.005409264287461683,False,nan
10,3,random,1.0,1.25,1.25,-0.04655487798266676,0.21959180079291934,2.0520992278984185,2.0526623417196577,0.08823103981115824,0.9922152836138418,0.07018425711937874,0.9950741700526009,generic_anisotropic,generic_anisotropic,0.021179673065903928,0.02182943380903239,0.029032400585640866,0.01859883120879592,1.3500582874256142,1.0800466299404914,0.02862992471514525,0.04575108576138602,-0.01712116104624077,False,nan
10,4,random,1.0,1.25,1.25,-0.04655487798266676,0.21959180079291934,2.6521802289729157,2.65135387137937,0.15673573927237,0.9754339080347436,0.15722936694206924,0.9752789261709961,generic_anisotropic,generic_anisotropic,0.02825303483225182,0.02053821279753251,0.025966686939000155,0.02741975084654035,1.0643993831036591,0.8515195064829273,0.03473973031343957,0.055981853343920335,-0.021242123030480765,False,nan
10,5,random,1.0,1.25,1.25,-0.04655487798266676,0.21959180079291934,2.9774448279738106,2.952153857226474,0.3726687654543778,0.86111799125471,0.3944879670964674,0.8443792438160964,generic_anisotropic,generic_anisotropic,0.04368561967452544,0.037248525276120596,0.049906323534608686,0.05209943937010683,1.2332575716971315,0.9866060573577051,0.06532401336005823,0.06854630511556463,-0.0032222917555063957,False,nan
10,6,random,1.0,1.25,1.25,-0.04655487798266676,0.21959180079291934,2.652849325022305,2.6425579413555096,0.4381204628799345,0.8080504600058719,0.43843992339037047,0.807770433577446,generic_anisotropic,generic_anisotropic,0.11628141939719473,0.11985710506865543,0.1582813640974184,0.13302975689755472,1.3405806143275762,1.072464491462061,0.17548946629861575,0.1877605902674393,-0.012271123968823544,False,nan
10,3,ground,1.0,1.5,1.5,-21.29919816556989,-21.318393363983798,1.0425452602558791,1.01774705834538,8.029877169212301e-16,1.0,0.008281845228572657,0.9999314110396099,xxz_like,xxz_like,0.39253922284900566,0.39253922284900605,0.6865267130696449,2.8246732481469536e-16,1.748937871958146,1.1659585813054307,0.004192934448537686,0.009534169583385037,-0.005341235134847351,False,nan
10,4,ground,1.0,1.5,1.5,-21.29919816556989,-21.318393363983798,1.096589148509815,1.0739652451470674,0.0038849718537092895,0.9999849069936959,0.00488891647461251,0.9999760984957042,xxz_like,xxz_like,0.40667911940801876,0.40667911940800683,0.6792009312144907,1.7150632765824032e-15,1.6701150828770785,1.1134100552513857,0.007703750721708056,0.002382795396562184,0.005320955325145872,False,nan
10,5,ground,1.0,1.5,1.5,-21.29919816556989,-21.318393363983798,1.1131849286923248,1.0900674998644946,0.0037364451165432843,0.9999860389778911,0.003969772851932273,0.999984240903504,xxz_like,xxz_like,0.43011938403277516,0.4301193840330714,0.6889884809259142,1.1386912246447168e-12,1.601854058437822,1.0679027056252146,0.008289973559720895,0.0011308875712627614,0.007159085988458134,False,nan
10,6,ground,1.0,1.5,1.5,-21.29919816556989,-21.318393363983798,1.096589149831466,1.0752962864632942,0.12746447821106854,0.98375280679438,0.12800271536089655,0.9836153048602373,xxz_like,xxz_like,0.7201787992500892,0.7201787992501146,0.921210482006016,1.9649846204804295e-14,1.2791413506829716,0.8527609004553144,0.011139489622957063,0.002487545743434324,0.00865194387952274,False,nan
10,3,thermal,1.0,1.5,1.5,-21.161364325208055,-21.183879234871746,1.0563007905370108,1.0386670646396132,1.1529387547283948e-15,1.0,0.007260497780433657,0.9999472851719803,xxz_like,xxz_like,0.3663086042574344,0.3663086042574342,0.6929801159842789,2.3285643210659157e-16,1.89179317092226,1.2611954472815066,0.003911829852027401,0.007120676049114522,-0.0032088461970871205,False,nan
10,4,thermal,1.0,1.5,1.5,-21.161364325208055,-21.183879234871746,1.1242898009426958,1.1082879404311798,0.009119447278618955,0.9999168356813325,0.009449988319470623,0.9999106977207619,xxz_like,xxz_like,0.37021231189100584,0.3702123118910044,0.6609959080166641,2.6267568367346585e-15,1.7854509069143791,1.190300604609586,0.0067899788034046,0.001267022458171108,0.005522956345233492,False,nan
10,5,thermal,1.0,1.5,1.5,-21.161364325208055,-21.183879234871746,1.1615099801958189,1.1445897308062083,0.01787191160480958,0.9996805947755899,0.017934210091702655,0.9996783641083866,xxz_like,xxz_like,0.3630347355128826,0.36303473551289567,0.6108333613086303,4.980999698348902e-14,1.6825755266797147,1.1217170177864764,0.006858217514442633,0.00039021026213416365,0.00646800725230847,False,nan
10,6,thermal,1.0,1.5,1.5,-21.161364325208055,-21.183879234871746,1.1735009927512505,1.1571396304088108,0.03144121199037351,0.9990114501885764,0.031467905087372856,0.9990097709494121,xxz_like,xxz_like,0.34470251623907694,0.34470251623923465,0.5648514006673365,1.0269611907760862e-11,1.638663409916743,1.0924422732778287,0.0057077739500951095,0.0005196681261527316,0.005188105823942378,False,nan
10,3,random,1.0,1.5,1.5,-0.08091105545426179,-0.08068678583952969,2.054000435690785,2.0527397969331007,0.07221610481035572,0.9947848342060197,0.0590357984133948,0.996514774505693,generic_anisotropic,generic_anisotropic,0.014100104151392968,0.027354704187065853,0.027000031116782713,0.021884089792368507,1.302624819603086,0.8684165464020573,0.033242770585234074,0.03120588307812404,0.0020368875071100356,False,nan
10,4,random,1.0,1.5,1.5,-0.08091105545426179,-0.08068678583952969,2.6501773485259035,2.6571315798809563,0.1584727744351931,0.9748863797628124,0.14744596695569848,0.9782596868284991,generic_anisotropic,generic_anisotropic,0.023773309767308782,0.04207771446752292,0.0157635632188126,0.025949480636367393,0.4787644050181534,0.3191762700121023,0.03445092517305234,0.028597560134692127,0.00585336503836021,False,nan
10,5,random,1.0,1.5,1.5,-0.08091105545426179,-0.08068678583952969,2.987744244703809,2.96672037411876,0.39499185336088977,0.8439814357785294,0.3651800312806826,0.8666435447538396,generic_anisotropic,generic_anisotropic,0.04599958682983139,0.04944427597137248,0.06464590223091693,0.0473378664589377,1.3546371727549469,0.9030914485032979,0.07654255556970385,0.06374482127414817,0.012797734295555682,False,nan
10,6,random,1.0,1.5,1.5,-0.08091105545426179,-0.08068678583952969,2.6664277582062366,2.638262284131674,0.4404104212394448,0.8060386608636948,0.43692468315984845,0.8090968212456661,generic_anisotropic,generic_anisotropic,0.1100792929218818,0.1271857215137531,0.13057985289812488,0.11311815060766787,1.1007088694363618,0.7338059129575746,0.18772884615869448,0.1788214760751328,0.008907370083561683,False,nan
10,3,ground,1.0,2.0,2.0,-24.978334624837164,-25.012816020318155,1.0114070925142038,0.9339607473794562,1.7013212619212818e-15,1.0,0.015820873544300215,0.9997496999602953,xxz_like,xxz_like,0.3184245326103148,0.3184245326103153,0.8644752859460368,4.0018521093785383e-16,2.7148513930739555,1.3574256965369778,0.00492231010502895,0.018449491161982894,-0.013527181056953944,False,nan
10,4,ground,1.0,2.0,2.0,-24.978334624837164,-25.012816020318155,1.0583478647382767,0.9811826086175147,0.007147566577562738,0.9999489122920193,0.009814610196717258,0.9999036734266865,xxz_like,xxz_like,0.3429190600697328,0.3429190600696947,0.8382858071758825,2.6240945180666664e-15,2.444558803484015,1.2222794017420076,0.010634855931072966,0.003454076286400684,0.007180779644672282,False,nan
10,5,ground,1.0,2.0,2.0,-24.978334624837164,-25.012816020318155,1.0727284807571933,0.994364480410719,0.004566614618212872,0.9999791460309287,0.0060591891099718185,0.9999632862273296,xxz_like,xxz_like,0.36890213947360095,0.3689021394742606,0.834687665762073,1.9314938826583047e-13,2.262626253543476,1.131313126771738,0.011066416789453273,0.0013229433371731677,0.009743473452280105,False,nan
10,6,ground,1.0,2.0,2.0,-24.978334624837164,-25.012816020318155,1.0583478660617656,0.9827677310723064,0.12761633922176138,0.9837140699636363,0.12827898333123025,0.983544502435506,xxz_like,xxz_like,0.6442004017367887,0.6442004017367297,1.012954378554633,1.0865984674685728e-13,1.5724212152363086,0.7862106076181543,0.015870876975112014,0.0036537944056575524,0.012217082569454462,False,nan
10,3,thermal,1.0,2.0,2.0,-24.83557351057329,-24.872578987037844,1.0158764364741617,0.9826175428688263,1.2112846774510137e-15,1.0,0.011125019301405416,0.9998762339455434,xxz_like,xxz_like,0.29922576584278593,0.2992257658427861,0.8885213831438458,3.496689956381061e-16,2.969401316899552,1.484700658449776,0.00334215110830818,0.00988354203592515,-0.0065413909276169704,False,nan
10,4,thermal,1.0,2.0,2.0,-24.83557351057329,-24.872578987037844,1.0705898894977897,1.0381620626776873,0.016239464809734497,0.9997362797826934,0.016516893775211754,0.9997271922200184,xxz_like,xxz_like,0.3225741511631956,0.3225741511632068,0.8606434623532678,1.9006786885119218e-15,2.668048444829788,1.334024222414894,0.007002425978606055,0.0016851244485184562,0.005317301530087599,False,nan
10,5,thermal,1.0,2.0,2.0,-24.83557351057329,-24.872578987037844,1.1009495495560733,1.067273813999074,0.02195139030213422,0.9995181364638034,0.022203344961955855,0.9995070114725004,xxz_like,xxz_like,0.33145003510096155,0.33145003510075227,0.7946800551922552,2.0441916388780346e-13,2.397586275561691,1.1987931377808454,0.0072185553042026715,0.00038867939698860243,0.006829875907214069,False,nan
10,6,thermal,1.0,2.0,2.0,-24.83557351057329,-24.872578987037844,1.111073153327845,1.0775606413487224,0.0423392652084574,0.9982073866216079,0.042287374094237384,0.998211777992214,xxz_like,xxz_like,0.3116873312948618,0.31168733137537746,0.7250204474004953,2.1719754980442398e-10,2.326114585071052,1.163057292535526,0.005603974259896921,0.0006373482198936934,0.004966626040003228,False,nan
10,3,random,1.0,2.0,2.0,0.3203066004396167,-0.047906116467926425,2.0548526326623273,2.043300414310154,0.06904558405104816,0.9952327073230497,0.07881505749248455,0.9937881867124564,generic_anisotropic,generic_anisotropic,0.011507774680933317,0.026222265475429034,0.03507213078449939,0.025572483244771075,1.859109115132242,0.929554557566121,0.02823768967973226,0.04841253627275059,-0.020174846593018332,False,nan
10,4,random,1.0,2.0,2.0,0.3203066004396167,-0.047906116467926425,2.6432817493380085,2.661082080587943,0.1741629199964558,0.9696672772983082,0.1419036733764207,0.9798633474822781,generic_anisotropic,generic_anisotropic,0.029256103039475807,0.04115646946500328,0.03246255624656224,0.029221332245641368,0.9220670426292756,0.4610335213146378,0.030052546658349298,0.05144049363649879,-0.02138794697814949,False,nan
10,5,random,1.0,2.0,2.0,0.3203066004396167,-0.047906116467926425,2.98716493615855,2.974418147490951,0.36532542239538246,0.8665373357516354,0.40813404910649537,0.8334265979599369,generic_anisotropic,generic_anisotropic,0.03146070716103367,0.06207169430276817,0.060342897480258985,0.0463886092585506,1.2903100216797578,0.6451550108398789,0.06128152481937932,0.07258373060916315,-0.011302205789783831,False,nan
10,6,random,1.0,2.0,2.0,0.3203066004396167,-0.047906116467926425,2.673714566507728,2.645624512713969,0.4394324343616716,0.8068991356309752,0.4396416523295845,0.8067152175369128,generic_anisotropic,generic_anisotropic,0.12000677665069696,0.163134284611476,0.12743430372659373,0.1250255113059634,0.900147108007034,0.450073554003517,0.1462919954495945,0.1790311639100122,-0.03273916846041769,False,nan
12,3,ground,1.0,1.0,1.0,-21.549563669780838,-21.562431614631777,1.0655569723689637,1.055473474679644,8.93816501846021e-16,1.0,0.005152992831073494,0.9999734466648829,heisenberg_like,heisenberg_like,0.48061287358600396,0.48061287358600274,0.48061287358600085,3.2015371711636477e-16,0.9999999999999948,0.9999999999999948,0.0045104647315548545,0.0050960871316023905,-0.000585622400047536,False,nan
12,4,ground,1.0,1.0,1.0,-21.549563669780838,-21.562431614631777,1.1353183696790419,1.1280353826265035,0.0031172690116450267,0.999990282633909,0.0036317109498888423,0.9999868106755765,heisenberg_like,heisenberg_like,0.48100712480134833,0.4810071248013938,0.4810071248013987,1.383731092670833e-15,1.0000000000000573,1.0000000000000573,0.007320482069989771,0.002284119355887069,0.005036362714102701,False,nan
12,5,ground,1.0,1.0,1.0,-21.549563669780838,-21.562431614631777,1.1724640710766396,1.1643858828642943,0.0037985592007253243,0.9999855709479986,0.004110339996998238,0.9999831051051091,heisenberg_like,heisenberg_like,0.4888011742359108,0.4888011742358744,0.4888011742381469,1.4433108932547048e-13,1.0000000000046119,1.0000000000046119,0.007886098837344672,0.0010419956921492886,0.006844103145195383,False,nan
12,6,ground,1.0,1.0,1.0,-21.549563669780838,-21.562431614631777,1.1842237418012964,1.1772917570041992,0.004510809602985176,0.9999796525967256,0.0053235052812127155,0.9999716602915208,heisenberg_like,heisenberg_like,0.5060740561737117,0.50607405662081,0.50607405586455,1.5220328301817098e-10,0.999999998947366,0.999999998947366,0.007117528833708407,0.001214010331893632,0.005903518501814775,False,nan
12,3,thermal,1.0,1.0,1.0,-21.297462168486796,-21.311715562226052,1.0941908990694424,1.0857439335971144,3.2029470789206098e-15,1.0,0.00441211764475904,0.9999805332178888,heisenberg_like,heisenberg_like,0.45604841742147423,0.4560484174214739,0.4560484174214696,4.755444735654608e-16,0.9999999999999902,0.9999999999999902,0.004736411628101616,0.004194122520023131,0.000542289108078485,False,nan
12,4,thermal,1.0,1.0,1.0,-21.297462168486796,-21.311715562226052,1.1902977770724466,1.1843296204454632,0.002460626734000992,0.9999939453160759,0.0029371767928302373,0.9999913729924876,heisenberg_like,heisenberg_like,0.4261854278361097,0.4261854278361075,0.42618542783609686,1.0155842216579774e-15,0.9999999999999725,0.9999999999999725,0.007048869379104794,0.0012407059179579652,0.005808163461146829,False,nan
12,5,thermal,1.0,1.0,1.0,-21.297462168486796,-21.311715562226052,1.2622213756747476,1.2552062553951306,0.008585802378908006,0.9999262839975104,0.008613620113512119,0.99992580554854,heisenberg_like,heisenberg_like,0.4088243104537959,0.4088243104538014,0.40882431045375195,1.48917770476098e-14,0.9999999999998858,0.9999999999998858,0.0069166339400867265,0.00025160385492690936,0.006665030085159817,False,nan
12,6,thermal,1.0,1.0,1.0,-21.297462168486796,-21.311715562226052,1.3181950374600175,1.3120205105798748,0.01705499734161908,0.9997091270656774,0.017050454647361032,0.9997092819963183,heisenberg_like,heisenberg_like,0.383196336862626,0.38319633686026167,0.3831963368625192,3.3765680716220065e-12,1.0000000000028062,1.0000000000028062,0.005969840259908658,0.0003227944004322386,0.005647045859476419,False,nan
12,3,random,1.0,1.0,1.0,-0.18287756757190643,0.026081478631906803,2.07089088634212,2.074135339878313,0.043867061628136195,0.9980756809041132,0.03990502308606063,0.9984075891325009,generic_anisotropic,generic_anisotropic,0.009340000936315507,0.0060241428711200916,0.01595125235405987,0.015033352976288768,2.076425807253918,2.076425807253918,0.014794764077334504,0.01183954865886846,0.0029552154184660437,False,nan
12,4,random,1.0,1.0,1.0,-0.18287756757190643,0.026081478631906803,2.739994536127395,2.7426677455615227,0.08077739224722433,0.993475012901738,0.07937327837457821,0.9936998826800717,generic_anisotropic,generic_anisotropic,0.009670191179148762,0.006151062858165233,0.015520059614212581,0.014536878791642406,1.9619253413931594,1.9619253413931594,0.01630974070674322,0.013378585014477333,0.0029311556922658865,False,nan
12,5,random,1.0,1.0,1.0,-0.18287756757190643,0.026081478631906803,3.340143349597964,3.3424099926889648,0.13995616349174694,0.9804122723006714,0.14000997383408845,0.9803972072269779,generic_anisotropic,generic_anisotropic,0.010810359966883686,0.012173459183586808,0.017068669557524865,0.01398957828010155,1.4852770504135697,1.4852770504135697,0.018920560497740775,0.019650404227494304,-0.0007298437297535293,False,nan
12,6,random,1.0,1.0,1.0,-0.18287756757190643,0.026081478631906803,3.6604344661480366,3.6525688207853255,0.37111253922554455,0.8622754832295687,0.3646995803276979,0.866994216108801,generic_anisotropic,generic_anisotropic,0.03200293142233564,0.03301410968057355,0.02920384768169458,0.02402857345670669,0.8983444089825816,0.8983444089825816,0.038202765217742914,0.04520744239996429,-0.007004677182221378,False,nan
12,3,ground,1.0,1.1,1.1,-22.278893693548614,-22.292923825876674,1.0652719340065537,1.0527672060697586,8.56235507260112e-16,1.0,0.005943185846289802,0.9999646785419964,xxz_like,xxz_like,0.4599569161730823,0.45995691617308276,0.522117139076472,3.1379445569483037e-16,1.1351435769692795,1.0319487063357085,0.004417443958272128,0.005964966282860819,-0.001547522324588691,False,nan
12,4,ground,1.0,1.1,1.1,-22.278893693548614,-22.292923825876674,1.13497227740464,1.1251740543434698,0.003157845507639032,0.9999900280117499,0.0037808669538377145,0.9999857050450773,xxz_like,xxz_like,0.4614045306216073,0.46140453062159437,0.5204252615142742,4.380176776841438e-15,1.1279153692165984,1.0253776083787258,0.007339790554563709,0.0022962196947652856,0.005043570859798423,False,nan
12,5,ground,1.0,1.1,1.1,-22.278893693548614,-22.292923825876674,1.1720858787472488,1.161432997498414,0.0038234161292905688,0.9999853814891023,0.004008558278767554,0.9999839314605258,xxz_like,xxz_like,0.4698812987242264,0.46988129872489937,0.5268674766839948,1.3532192582923114e-13,1.1212778165764719,1.0193434696149744,0.007886555593841386,0.0009982054687035934,0.006888350125137792,False,nan
12,6,ground,1.0,1.1,1.1,-22.278893693548614,-22.292923825876674,1.1838349188316564,1.1743766967716032,0.0045123817970328835,0.9999796384105178,0.0052197258884611525,0.9999727544616493,xxz_like,xxz_like,0.48764828948841976,0.48764828942638605,0.5432051439780278,4.047347675412094e-10,1.1139281234482374,1.0126619304074884,0.006980718690609257,0.00114388275305985,0.0058368359375494065,False,nan
12,3,thermal,1.0,1.1,1.1,-22.042759482643326,-22.05859080313916,1.091192491525744,1.0812270919480214,5.4365216029183664e-15,1.0,0.004983008952018126,0.9999751696217841,xxz_like,xxz_like,0.43550092123003786,0.43550092123003764,0.5029712944295462,1.784448253493991e-16,1.15492590235847,1.0499326385077,0.004566857156670293,0.0047438023229013845,-0.0001769451662310918,False,nan
12,4,thermal,1.0,1.1,1.1,-22.042759482643326,-22.05859080313916,1.184813782009024,1.1771550093042729,0.002956996891702577,0.9999912561693824,0.0034650789857606336,0.9999879932276224,xxz_like,xxz_like,0.40880217502884647,0.4088021750288486,0.47090353650221917,1.363878146223543e-15,1.151910545654483,1.047191405140439,0.006981663548113168,0.0012570158907853019,0.005724647657327866,False,nan
12,5,thermal,1.0,1.1,1.1,-22.042759482643326,-22.05859080313916,1.25364014628191,1.2448991087433625,0.008791176501782481,0.9999227152157145,0.008844877948437663,0.9999217681340773,xxz_like,xxz_like,0.39500799096321304,0.39500799096310424,0.44582792340418953,3.778404094230877e-14,1.1286554540760436,1.0260504127964032,0.006857383203509217,0.00026619506208304096,0.006591188141426176,False,nan
12,6,thermal,1.0,1.1,1.1,-22.042759482643326,-22.05859080313916,1.3058488428785817,1.2978694326030111,0.017286555458451324,0.9997011750003819,0.017294631840830656,0.9997008957094902,xxz_like,xxz_like,0.37149925571423736,0.3714992557129379,0.4169633393498696,4.404811499005233e-12,1.122380012710801,1.020345466100728,0.005874465708994944,0.00031824501032426226,0.005556220698670682,False,nan
12,3,random,1.0,1.1,1.1,-0.21495941173421462,0.07603760261726468,2.071625709664973,2.0723555742873714,0.03427469516178782,0.9988252452715665,0.03896236044531596,0.9984819344685293,generic_anisotropic,generic_anisotropic,0.007765214453385789,0.011960716864093961,0.005156293170126569,0.01611931694286164,0.5227933816800244,0.47526671061820397,0.013670639068464406,0.015486371168432638,-0.001815732099968232,False,nan
12,4,random,1.0,1.1,1.1,-0.21495941173421462,0.07603760261726468,2.741755613994858,2.7414781639362857,0.07492014364262517,0.9943869720765685,0.07744642305343807,0.9940020515562279,generic_anisotropic,generic_anisotropic,0.01150990856821066,0.013805109227362061,0.007662324705549491,0.015740352703485668,0.6053580343040119,0.5503254857309199,0.01480861536668773,0.015901039773332487,-0.0010924244066447576,False,nan
12,5,random,1.0,1.1,1.1,-0.21495941173421462,0.07603760261726468,3.330616389677262,3.3415171038257045,0.14509286130575297,0.9789480615981095,0.13968820143043056,0.9804872063811314,generic_anisotropic,generic_anisotropic,0.013231318377535847,0.01761426541553703,0.013958208357106686,0.016015938442927865,0.9050377163061729,0.8227615602783389,0.01849152527371162,0.019849324522475082,-0.001357799248763461,False,nan
12,6,random,1.0,1.1,1.1,-0.21495941173421462,0.07603760261726468,3.6503596249374723,3.655639414284297,0.3496258509460175,0.8777617643502731,0.36372574173170835,0.8677035848017186,generic_anisotropic,generic_anisotropic,0.023828418133715754,0.03559665681832817,0.0183620069726606,0.02470480299430026,0.617988517052061,0.5618077427746009,0.03415712895744124,0.04229402139302027,-0.008136892435579031,False,nan
12,3,ground,1.0,1.25,1.25,-23.414509083409087,-23.43081713043213,1.063541811641904,1.0457682247887434,1.370837353106863e-15,1.0,0.007433340914661493,0.9999447454428464,xxz_like,xxz_like,0.43002301784044933,0.4300230178404503,0.5832460951442288,3.555285066760168e-16,1.35631366449465,1.08505093159572,0.004354181085664039,0.007562315527898907,-0.003208134442234868,False,nan
12,4,ground,1.0,1.25,1.25,-23.414509083409087,-23.43081713043213,1.132834100212896,1.1175329024871063,0.003463440445899248,0.9999880045802777,0.004467163434172509,0.9999800444508524,xxz_like,xxz_like,0.4335148959758399,0.4335148959758271,0.5776973858166053,2.435551760271437e-15,1.332589470809809,1.0660715766478472,0.007593177515177051,0.002385832679600834,0.005207344835576217,False,nan
12,5,ground,1.0,1.25,1.25,-23.414509083409087,-23.43081713043213,1.1697289272940252,1.1533996713848307,0.004001292520436772,0.9999839896581659,0.004163646671290745,0.9999826640463967,xxz_like,xxz_like,0.44327609647255245,0.44327609647309424,0.5815416575838003,1.2021519485890437e-13,1.3119174758376664,1.0495339806701331,0.008016403928815032,0.000951616485482852,0.0070647874433321795,False,nan
12,6,ground,1.0,1.25,1.25,-23.414509083409087,-23.43081713043213,1.1814044157923345,1.1663181625080592,0.0045318296734812615,0.9999794625198105,0.005126113778326908,0.9999737229575316,xxz_like,xxz_like,0.4620088535490227,0.4620088536628109,0.5960586417776139,1.430841559469728e-10,1.2901454964021934,1.0321163971217548,0.006865059257715365,0.0010713125185692447,0.005793746739146121,False,nan
12,3,thermal,1.0,1.25,1.25,-23.20020303879974,-23.218988742248754,1.0854654720951387,1.0725868730044767,1.3750180574835554e-15,1.0,0.006053888969035402,0.9999633504283506,xxz_like,xxz_like,0.40516478951475626,0.40516478951475743,0.5730608853983009,3.0498281224505683e-16,1.4143896513925205,1.1315117211140164,0.004339545803522498,0.005637983100242943,-0.0012984372967204455,False,nan
12,4,thermal,1.0,1.25,1.25,-23.20020303879974,-23.218988742248754,1.175124902439826,1.164256212652633,0.005074468804595505,0.9999742497663512,0.005529531205791961,0.9999694242846442,xxz_like,xxz_like,0.3854276186098975,0.38542761860989755,0.5380028687172389,1.3048975480403315e-15,1.3958596705073365,1.1166877364058692,0.006919116730915035,0.0013074225848865107,0.005611694146028525,False,nan
12,5,thermal,1.0,1.25,1.25,-23.20020303879974,-23.218988742248754,1.2393596937409967,1.2273170509213096,0.009955931256599602,0.9999008794328139,0.010050232556735966,0.9998989928255555,xxz_like,xxz_like,0.37546255521340227,0.3754625552131407,0.5015648550795326,5.161711625252992e-14,1.3358585246793309,1.0686868197434647,0.0068097353100051786,0.00028789937907388355,0.006521835930931295,False,nan
12,6,thermal,1.0,1.25,1.25,-23.20020303879974,-23.218988742248754,1.2861055104924983,1.2746700334115526,0.01775232009776514,0.9996848551311465,0.01778215455514384,0.999683794979377,xxz_like,xxz_like,0.3550251294803685,0.3550251294721393,0.4670446321481112,5.4827507977125264e-12,1.3155255596614035,1.0524204477291228,0.005753467491452383,0.0003312972944552683,0.005422170196997114,False,nan
12,3,random,1.0,1.25,1.25,0.013156176457627813,-0.002415947158674183,2.0706689734842163,2.0695810185710153,0.048034761618290685,0.997692661676274,0.04643422611451186,0.9978438626451464,generic_anisotropic,generic_anisotropic,0.008019296622691692,0.015222964669324351,0.013621538691593596,0.011499697646376398,1.1721354063145943,0.9377083250516755,0.017058772209875832,0.01449234135454646,0.0025664308553293713,False,nan
12,4,random,1.0,1.25,1.25,0.013156176457627813,-0.002415947158674183,2.7373579812158946,2.738581697113352,0.08474189972754716,0.9928188104305663,0.08140214594512268,0.9933736906355289,generic_anisotropic,generic_anisotropic,0.006516666854502882,0.01792829812060016,0.012448632625272425,0.01392444663458186,1.0185027990795843,0.8148022392636675,0.019072364464694996,0.013340544955199356,0.005731819509495639,False,nan
12,5,random,1.0,1.25,1.25,0.013156176457627813,-0.002415947158674183,3.3366973471053387,3.3390202496296344,0.14012770752966958,0.9803642255824794,0.14358894673204387,0.9793822143763823,generic_anisotropic,generic_anisotropic,0.007942846493600502,0.014207832012961255,0.010586614903308752,0.014077412883558533,0.9558727422433266,0.7646981937946613,0.018667485142191347,0.014652624917268039,0.004014860224923308,False,nan
12,6,random,1.0,1.25,1.25,0.013156176457627813,-0.002415947158674183,3.661026917442814,3.6561144155406144,0.3415444444661641,0.8833473924542994,0.35835169505631737,0.8715840626502641,generic_anisotropic,generic_anisotropic,0.02519524513316397,0.021329324205491385,0.01746792778006776,0.022223033437251648,0.7509119602125742,0.6007295681700594,0.03427823868607282,0.028636613979182792,0.005641624706890027,False,nan
12,3,ground,1.0,1.5,1.5,-25.419415289664315,-25.44146884113364,1.0560011939946399,1.022115433726717,1.9141766792060005e-15,1.0,0.010986271474366196,0.9998793018390916,xxz_like,xxz_like,0.3835644377054804,0.3835644377054807,0.6822073584024064,2.3905069379333256e-16,1.7785990862016214,1.1857327241344142,0.00455919615735113,0.011275130751392002,-0.006715934594040872,False,nan
12,4,ground,1.0,1.5,1.5,-25.419415289664315,-25.44146884113364,1.12328811068462,1.0910733653240052,0.004913694127499501,0.9999758556100213,0.006938084243862338,0.9999518629870251,xxz_like,xxz_like,0.39169387006763884,0.39169387006757755,0.6685893398871311,1.0409304591125274e-15,1.7069180576446843,1.137945371763123,0.008549645505507124,0.0027817651189394796,0.005767880386567644,False,nan
12,5,ground,1.0,1.5,1.5,-25.419415289664315,-25.44146884113364,1.159085591758934,1.1252216118161205,0.00487126284868735,0.999976270798259,0.005599603481648446,0.9999686444408483,xxz_like,xxz_like,0.40387733053035796,0.4038773305304013,0.6668161168408194,2.7757932671151896e-13,1.6510362588688585,1.1006908392459056,0.008833658967698077,0.0009489128018741926,0.007884746165823884,False,nan
12,6,ground,1.0,1.5,1.5,-25.419415289664315,-25.44146884113364,1.1703853022658324,1.137728196754486,0.004715618779732632,0.9999777629395242,0.005325746261250202,0.9999716364267608,xxz_like,xxz_like,0.424329034256204,0.42432903403392624,0.677505072292511,2.0475032925485351e-10,1.596650282622171,1.064433521748114,0.007080069531051571,0.0010451797983584198,0.006034889732693152,False,nan
12,3,thermal,1.0,1.5,1.5,-25.233771367527737,-25.259017922570415,1.0710413284364981,1.0515372871151338,2.3792685495283775e-15,1.0,0.008281726566654778,0.9999314130050752,xxz_like,xxz_like,0.3580461478186951,0.3580461478186949,0.6869657355340729,2.898973436819481e-16,1.918651379771118,1.279100919847412,0.004024957715336301,0.007222457845049813,-0.0031975001297135123,False,nan
12,4,thermal,1.0,1.5,1.5,-25.233771367527737,-25.259017922570415,1.1528231482538,1.1347818489425563,0.009825941169425766,0.999903450880135,0.010226074289600259,0.9998954274046236,xxz_like,xxz_like,0.3561520033455134,0.35615200334552016,0.6485767550979777,5.992505874235437e-16,1.8210672662390401,1.21404484415936,0.0069256105598813926,0.001465624396425262,0.005459986163456131,False,nan
12,5,thermal,1.0,1.5,1.5,-25.233771367527737,-25.259017922570415,1.209317486950707,1.1898739029357661,0.01334433764518347,0.9998219286528114,0.013519201559311439,0.9998172311891987,xxz_like,xxz_like,0.3497524430047322,0.34975244300470776,0.5936885987149658,8.67697406981005e-14,1.6974537579054276,1.1316358386036185,0.006842354202448724,0.0003217146173248031,0.006520639585123921,False,nan
12,6,thermal,1.0,1.5,1.5,-25.233771367527737,-25.259017922570415,1.2475398829485649,1.2283963313743425,0.01954619332906918,0.9996179463263426,0.01959980953800578,0.9996158474660739,xxz_like,xxz_like,0.33086761012297894,0.3308676101377265,0.5480632338346305,1.1410632467547166e-11,1.6564426890220796,1.1042951260147198,0.005611600702655002,0.0004308220529657363,0.005180778649689266,False,nan
12,3,random,1.0,1.5,1.5,-0.05945766308932632,0.19403553753146965,2.070935375980508,2.0725081077635843,0.04534733524874122,0.9979436191858383,0.03698428423978493,0.9986321627192708,generic_anisotropic,generic_anisotropic,0.007816774172910136,0.011255696176944531,0.021177362533884577,0.013470516481742089,2.2207256999663865,1.480483799977591,0.013265559316406352,0.018919367222874697,-0.005653807906468345,False,nan
12,4,random,1.0,1.5,1.5,-0.05945766308932632,0.19403553753146965,2.7395005058962028,2.7366395905176653,0.08231444749708967,0.9932243317332489,0.08531828927256928,0.9927207895156022,generic_anisotropic,generic_anisotropic,0.013214671140307095,0.017125593013694453,0.018484162433226255,0.011561477634937558,1.2184575809494658,0.8123050539663105,0.01882596360949945,0.01828852656775698,0.0005374370417424688,False,nan
12,5,random,1.0,1.5,1.5,-0.05945766308932632,0.19403553753146965,3.340750446797461,3.3339574049794334,0.1395535782513241,0.9805247987972515,0.1453796981161577,0.9788647433756549,generic_anisotropic,generic_anisotropic,0.013166876632606498,0.014934660406408923,0.01702976579167969,0.013542027691354474,1.2120166785208952,0.8080111190139302,0.02090866970411175,0.018327511292246287,0.002581158411865462,False,nan
12,6,random,1.0,1.5,1.5,-0.05945766308932632,0.19403553753146965,3.655671433474775,3.6474926206566014,0.34006980989595775,0.8843525243973271,0.3515655917956588,0.8764016346653682,generic_anisotropic,generic_anisotropic,0.020997061669700664,0.02421497842809951,0.02893719320909276,0.023111585458732757,1.2800658031133934,0.8533772020755955,0.029252955771382646,0.03201089147110921,-0.002757935699726561,False,nan
12,3,ground,1.0,2.0,2.0,-29.840469502043586,-29.885062893421278,1.020088786111432,0.8934967962948945,2.2595197952193346e-15,1.0,0.022861869183769184,0.9994773349374242,xxz_like,xxz_like,0.30765261707116026,0.3076526170711607,0.8667031734029176,3.4320365589034546e-16,2.817148710301554,1.408574355150777,0.006259421522906509,0.02470267483158382,-0.018443253308677313,False,nan
12,4,ground,1.0,2.0,2.0,-29.840469502043586,-29.885062893421278,1.076783448302514,0.94759923780726,0.009912777681173717,0.9999017368386436,0.014888617916547085,0.9997783290565351,xxz_like,xxz_like,0.3286069137077549,0.32860691370779743,0.834194474947387,2.41822861889328e-15,2.538578587817602,1.269289293908801,0.014007499021127487,0.004887752982396073,0.009119746038731414,False,nan
12,5,ground,1.0,2.0,2.0,-29.840469502043586,-29.885062893421278,1.1067183709003607,0.9727703383885129,0.008154251871256207,0.9999335081764201,0.011981496683371598,0.9998564437372264,xxz_like,xxz_like,0.3435636205393624,0.3435636205391125,0.8181011381105734,1.5636540095139335e-13,2.3812216695892583,1.1906108347946291,0.013490276247403997,0.0013503382726760276,0.01213993797472797,False,nan
12,6,ground,1.0,2.0,2.0,-29.840469502043586,-29.885062893421278,1.1159835385109962,0.9824175605578463,0.006087939914017832,0.9999629369876033,0.008001133850871747,0.9999359818571004,xxz_like,xxz_like,0.3662539234068917,0.3662539238730396,0.8191577264880164,3.351295119687194e-09,2.2365841663808728,1.1182920831904364,0.00972118191861656,0.0021982772376123575,0.007522904681004203,False,nan
12,3,thermal,1.0,2.0,2.0,-29.696375213458005,-29.737252499007838,1.0215017741732866,0.985274874400817,1.787898823372388e-15,1.0,0.012454542468892599,0.9998448843718906,xxz_like,xxz_like,0.2918985820761029,0.29189858207610325,0.889565750015755,2.4635680732817506e-16,3.047516516485954,1.523758258242977,0.0033251615528948363,0.010049864900089368,-0.006724703347194532,False,nan
12,4,thermal,1.0,2.0,2.0,-29.696375213458005,-29.737252499007838,1.0820812465433896,1.0465449964570541,0.017993249809812054,0.9996762429612817,0.01824968651486711,0.9996669489421091,xxz_like,xxz_like,0.3118989001881904,0.3118989001881729,0.85037434835893,1.4140405667372057e-15,2.726442279359958,1.363221139679979,0.007227078157920428,0.001986600153613049,0.005240478004307379,False,nan
12,5,thermal,1.0,2.0,2.0,-29.696375213458005,-29.737252499007838,1.1221538216014362,1.0848930446240221,0.01900124672862968,0.9996389526227577,0.019472350380130614,0.9996208275706734,xxz_like,xxz_like,0.3153909208927341,0.31539092089272314,0.7777703250514222,5.3236581809557036e-14,2.4660517266949453,1.2330258633474727,0.007237408333942437,0.00034223603592684374,0.006895172298015593,False,nan
12,6,thermal,1.0,2.0,2.0,-29.696375213458005,-29.737252499007838,1.1456141359990233,1.108244375766894,0.02697341554369863,0.9992724348539069,0.026936998531966155,0.9992743981100889,xxz_like,xxz_like,0.29647083439100913,0.29647083441586136,0.7038736809829096,8.505002895099863e-11,2.374175127206893,1.1870875636034466,0.00549973868578131,0.0006136268287042728,0.004886111857077037,False,nan
12,3,random,1.0,2.0,2.0,0.12312789582206793,0.2164848129093847,2.071557199763175,2.070006074359043,0.04308733155060775,0.998143481859848,0.04043866308280234,0.9983647145280756,generic_anisotropic,generic_anisotropic,0.014653616498029967,0.013803029599608463,0.0072319749358809625,0.012475956372740092,0.5082802035817658,0.2541401017908829,0.01911062468903696,0.01886020784690412,0.000250416842132839,False,nan
12,4,random,1.0,2.0,2.0,0.12312789582206793,0.2164848129093847,2.7378997037023596,2.7411898612895937,0.07923173190638828,0.9937223326591142,0.07851567665161292,0.9938352885199394,generic_anisotropic,generic_anisotropic,0.021697211478093423,0.01873567641204218,0.008595105100855633,0.0127986236540365,0.42515415293660375,0.21257707646830187,0.01977418421257879,0.01832552532362333,0.0014486588889554633,False,nan
12,5,random,1.0,2.0,2.0,0.12312789582206793,0.2164848129093847,3.3380743526536216,3.347961868670061,0.14329920940394192,0.9794653365842052,0.1377695778659207,0.981019543414646,generic_anisotropic,generic_anisotropic,0.02006256752541994,0.018903814552435082,0.011056057194984328,0.012725017631375157,0.5674664469949646,0.2837332234974823,0.02138472460644768,0.01895869180201821,0.0024260328044294725,False,nan
12,6,random,1.0,2.0,2.0,0.12312789582206793,0.2164848129093847,3.665503217693901,3.670041816187285,0.37325133881267475,0.8606834380745458,0.3639804351586453,0.8675182428217232,generic_anisotropic,generic_anisotropic,0.029441360640193447,0.030065135346039086,0.027348500084732996,0.029114647213272612,0.919176961488721,0.4595884807443605,0.03160706096857703,0.04414537414235967,-0.012538313173782636,False,nan
