name,theta_E_obs_arcsec,theta_E_BuP_arcsec,log_residual_BuP,Re_arcsec,sersic_n,logMs,Mstar_rel,J_spectral_over_h0,density_pearson,density_rmse,theta_E_baryon_arcsec,log_residual_baryon,name_key,sersic_n_measured,sersic_n_final,n_source,delta_kOR,C_obs
J0008-0004,37.469,12.530029500170716,-1.0953858011639404,9.723,4.0,11.640000343322754,4.365161773191001,1.7892131127149076,0.999996658127392,0.0017882201169334,12.523939173861114,-1.095871977746086,J0008-0004,4.15,4.15,measured,0.009115390622767394,1.095871977746086
J0029-0055,12.661,11.693642341411865,-0.0794810980469624,7.858,4.0,11.579999923706056,3.801893295314423,1.789213112714907,0.9999966581273918,0.001788220116933,11.688564260099072,-0.079915452381365,J0029-0055,3.1500000000000004,3.1500000000000004,measured,0.00832533807872371,0.079915452381365
J0037-0942,16.012,13.897830735859442,-0.1416056753410242,5.823,4.0,11.729999542236328,5.3703123031766005,1.7892131127149071,0.9999966581273918,0.0017882201169332,13.907776363968216,-0.1408903067826461,J0037-0942,5.133333333333334,5.133333333333334,measured,0.00908547482070593,0.1408903067826461
J0044+0113,3.721,10.302586251892478,1.0184025067692537,4.154,4.0,11.470000267028809,2.951211041237279,1.7892131127149071,0.9999966581273918,0.0017882201169329,10.31001658234329,1.0191234570376306,J0044+0113,3.75,3.75,measured,0.008957452370558172,-1.0191234570376306
J0157-0056,30.258,14.058904628550357,-0.7665046359059735,11.385,4.0,11.739999771118164,5.495405842387226,1.7892131127149071,0.9999966581273916,0.0017882201169332,14.05190646156213,-0.7670025345336837,J0157-0056,3.0,3.0,measured,0.008045519610830665,0.7670025345336837
J0216-0813,26.386,19.63126136425356,-0.2957103032710333,11.452,4.0,12.029999732971191,10.715186464071412,1.7892131127149071,0.9999966581273916,0.0017882201169331,19.62380774334562,-0.2960900565700064,J0216-0813,5.8,5.8,measured,0.008875132549221953,0.2960900565700064
J0252+0039,18.674,10.18469663106502,-0.6062459186817049,5.899,4.0,11.460000038146973,2.8840317564502844,1.7892131127149071,0.9999966581273916,0.0017882201169332,10.180890605901787,-0.6066196889210067,J0252+0039,3.35,3.35,measured,0.008588560381283805,0.6066196889210067
J0330-0020,26.972,11.69357844405934,-0.8357594506774846,4.504,4.0,11.579999923706056,3.801893295314423,1.7892131127149071,0.999996658127392,0.0017882201169328,11.702021527490963,-0.8350376838659108,J0330-0020,2.85,2.85,measured,0.007741682483323464,0.8350376838659108
J0728+3835,14.216,13.272352005935884,-0.0686850158674614,6.011,4.0,11.6899995803833,4.897783461428336,1.7892131127149071,0.9999966581273916,0.0017882201169332,13.281699722793045,-0.0679809638200539,J0728+3835,3.1500000000000004,3.1500000000000004,measured,0.00832533807872693,0.0679809638200539
J0737+3216,21.785,18.1112446823946,-0.1846886610245066,8.415,4.0,11.960000038146973,9.120109194638909,1.7892131127149076,0.9999966581273916,0.001788220116933,18.123959516387348,-0.1839868664688668,J0737+3216,4.566666666666666,4.566666666666666,measured,0.009163961317417368,0.1839868664688668
J0819+4534,8.795,9.504888129156264,0.0776228279978816,6.379,4.0,11.399999618530272,2.511884225153631,1.789213112714907,0.9999966581273916,0.0017882201169331,9.500781009690517,0.0771906285841512,J0819+4534,,4.0,default_4,0.009080097432055012,-0.0771906285841512
J0822+2652,16.934,13.27234315362485,-0.2436410272092062,6.926,4.0,11.6899995803833,4.897783461428336,1.7892131127149076,0.999996658127392,0.0017882201169334,13.26801455856834,-0.2439672168666202,J0822+2652,3.85,3.85,measured,0.00901003358178809,0.2439672168666202
J0841+3824,6.218,12.675044145686796,0.7121867207289594,8.844,4.0,11.649999618530272,4.466831997992276,1.7892131127149071,0.999996658127392,0.001788220116933,12.669370534721166,0.7117389999090513,J0841+3824,4.05,4.05,measured,0.009100443673830338,-0.7117389999090513
J0903+4116,40.562,15.774254236515423,-0.9444525354449178,9.986,4.0,11.84000015258789,6.918312139914402,1.7892131127149076,0.9999966581273918,0.0017882201169334,15.767724165688126,-0.9448665913317952,J0903+4116,,4.0,default_4,0.009080097432056344,0.9448665913317952
J0912+0029,12.89,18.11130150197408,0.3400843188431066,11.286,4.0,11.960000038146973,9.120109194638909,1.7892131127149076,0.9999966581273916,0.001788220116933,18.10393876936026,0.3396777092135639,J0912+0029,4.966666666666666,4.966666666666666,measured,0.00912297027308373,-0.3396777092135639
J0935-0003,20.926,18.11126926009622,-0.144458049373878,10.561,4.0,11.960000038146973,9.120109194638909,1.789213112714907,0.999996658127392,0.0017882201169329,18.10440432934307,-0.1448371631748912,J0935-0003,3.35,3.35,measured,0.008588560381280419,0.1448371631748912
J0936+0913,10.933,13.120446372218384,0.1823860667575783,6.687,4.0,11.68000030517578,4.786304286528679,1.7892131127149071,0.9999966581273916,0.0017882201169331,13.116307414594004,0.18207055839154,J0936+0913,4.300000000000001,4.300000000000001,measured,0.00913876878158959,-0.18207055839154
J0946+1006,17.706,11.829080313405298,-0.4033426321136346,8.406,4.0,11.59000015258789,3.890452816839944,1.7892131127149065,0.9999966581273918,0.001788220116933,11.823682944946782,-0.4037990158767699,J0946+1006,3.65,3.65,measured,0.008881132777185996,0.4037990158767699
J0955+0101,3.7,6.136895563285108,0.505986186060156,2.972,4.0,11.020000457763672,1.047129651766654,1.7892131127149071,0.9999966581273918,0.0017882201169327,6.141180765435188,0.5066842110942646,J0955+0101,3.95,3.95,measured,0.009062990652805247,-0.5066842110942646
J0956+5100,19.217,15.238727800587103,-0.231955234827994,8.334,4.0,11.8100004196167,6.456548528681109,1.7892131127149071,0.9999966581273918,0.0017882201169332,15.23341520531518,-0.2323039202043206,J0956+5100,4.666666666666667,4.666666666666667,measured,0.009164346316853256,0.2323039202043206
J0959+4416,13.567,13.738734193593542,0.0125787833989887,7.441,4.0,11.720000267028809,5.248077829311783,1.7892131127149071,0.9999966581273918,0.001788220116933,13.734021912067178,0.012235732155462,J0959+4416,3.45,3.45,measured,0.008710574845218255,-0.012235732155462
J0959+0410,5.054,7.127653798835318,0.3438021108359625,2.91,4.0,11.149999618530272,1.412536303897626,1.7892131127149071,0.999996658127392,0.001788220116933,7.1327790263265305,0.3445209147845838,J0959+0410,2.75,2.75,measured,0.007479568648824153,-0.3445209147845838
J1016+3859,8.984,10.421898259797375,0.1484639769419398,4.191,4.0,11.479999542236328,3.0199485372543653,1.7892131127149071,0.9999966581273916,0.0017882201169331,10.429375942377712,0.1491812168408923,J1016+3859,4.25,4.25,measured,0.009128382974036287,-0.1491812168408923
J1020+1122,21.84,15.06426378096754,-0.371417848989565,6.782,4.0,11.800000190734863,6.309576215861531,1.7892131127149065,0.9999966581273916,0.0017882201169333,15.074920558051543,-0.3707106780583116,J1020+1122,4.05,4.05,measured,0.009100443673828673,0.3707106780583116
J1023+4230,14.32,11.559690776324896,-0.2141330480988883,5.632,4.0,11.56999969482422,3.71534968021985,1.7892131127149071,0.9999966581273916,0.0017882201169333,11.567795508573568,-0.2134321736086297,J1023+4230,3.75,3.75,measured,0.008957452370561336,0.2134321736086297
J1029+0420,3.666,8.374269081873141,0.8260626506786912,2.979,4.0,11.289999961853027,1.949844428490234,1.789213112714908,0.9999966581273918,0.0017882201169331,8.380405346163293,0.8267951345703795,J1029+0420,3.25,3.25,measured,0.008463373161258503,-0.8267951345703795
J1032+5322,5.765,7.210190714604466,0.2236902486274201,1.914,4.0,11.15999984741211,1.4454392628956645,1.7892131127149076,0.9999966581273916,0.0017882201169331,7.2157917724988225,0.2244667722618845,J1032+5322,,4.0,default_4,0.0090800974320569,-0.2244667722618845
J1100+5329,32.473,15.774301113996067,-0.7220268707707262,10.177,4.0,11.84000015258789,6.918312139914402,1.789213112714907,0.9999966581273918,0.0017882201169328,15.767677719890935,-0.7224468440537826,J1100+5329,4.55,4.55,measured,0.009163432984027498,0.7224468440537826
J1103+5322,7.588,11.167256205953082,0.3864178912594798,7.779,4.0,11.539999961853027,3.467368199963294,1.7892131127149071,0.9999966581273916,0.001788220116933,11.162251642000626,0.3859696445654346,J1103+5322,3.05,3.05,measured,0.008144407021751732,-0.3859696445654346
J1106+5228,3.824,9.182199347424593,0.8759697610777837,2.449,4.0,11.369999885559082,2.3442281975923813,1.7892131127149071,0.999996658127392,0.0017882201169326,9.189335520197131,0.8767466339066325,J1106+5228,4.15,4.15,measured,0.009115390622767283,-0.8767466339066325
J1112+0826,25.802,13.897829394679489,-0.6187193390164496,5.502,4.0,11.729999542236328,5.3703123031766005,1.7892131127149071,0.9999966581273916,0.0017882201169332,13.907813518439596,-0.6180012024698223,J1112+0826,3.65,3.65,measured,0.008881132777183776,0.6180012024698223
J1134+6027,7.788,10.788187223816744,0.325867672438624,5.369,4.0,11.510000228881836,3.2359382746997105,1.789213112714908,0.9999966581273916,0.0017882201169331,10.78491164165174,0.3255639995902677,J1134+6027,4.35,4.35,measured,0.009146797567851472,-0.3255639995902677
J1142+1001,12.591,11.29660086551371,-0.1084804009147881,4.435,4.0,11.550000190734863,3.548135450617081,1.7892131127149071,0.9999966581273916,0.001788220116933,11.304747056987676,-0.1077595419771131,J1142+1001,3.1500000000000004,3.1500000000000004,measured,0.00832533807873792,0.1077595419771131
J1143-0144,6.349,11.965974046820085,0.6337698058668626,5.165,4.0,11.600000381469728,3.981075202376568,1.7892131127149071,0.9999966581273916,0.0017882201169332,11.974485195423206,0.6344808322407154,J1143-0144,5.0,5.0,measured,0.00911764819938854,-0.6344808322407154
J1153+4612,9.652,8.768947574729774,-0.0959483514610446,3.521,4.0,11.329999923706056,2.137961713919416,1.7892131127149065,0.9999966581273916,0.0017882201169331,8.77525772851837,-0.0952290080708335,J1153+4612,3.55,3.55,measured,0.008812886671178133,0.0952290080708335
J1204+0358,10.357,10.068081927913177,-0.0282924049101658,3.068,4.0,11.449999809265137,2.818381693478142,1.7892131127149071,0.9999966581273918,0.0017882201169334,10.075694839400816,-0.0275365474621778,J1204+0358,2.95,2.95,measured,0.007941144758811358,0.0275365474621778
J1205+4910,14.904,13.738786075654424,-0.0814067000693894,6.248,4.0,11.720000267028809,5.248077829311783,1.7892131127149071,0.9999966581273916,0.0017882201169331,13.748472142645085,-0.0807019322591804,J1205+4910,4.45,4.45,measured,0.009157569998227366,0.0807019322591804
J1213+6708,6.917,10.542582467578384,0.421440379382503,3.315,4.0,11.489999771118164,3.09029380386682,1.7892131127149071,0.9999966581273916,0.0017882201169332,10.55049378316763,0.4221905133000192,J1213+6708,3.75,3.75,measured,0.008957452370558394,-0.4221905133000192
J1218+0830,8.303,11.828951699995631,0.3539331650895727,6.461,4.0,11.59000015258789,3.890452816839944,1.7892131127149071,0.9999966581273916,0.0017882201169331,11.824850494862288,0.353586395877532,J1218+0830,4.6,4.6,measured,0.009164650680127118,-0.353586395877532
J1250+0523,15.46,14.55282263159587,-0.06047107305774,4.882,4.0,11.770000457763672,5.888442760205689,1.789213112714907,0.9999966581273918,0.0017882201169334,14.563625387888994,-0.0597290349642487,J1250+0523,3.35,3.35,measured,0.008588560381287746,0.0597290349642487
J1251-0208,10.913,10.664635998279763,-0.0230215182842568,9.4,4.0,11.5,3.1622776601683795,1.7892131127149076,0.9999966581273918,0.0017882201169333,10.659084723830071,-0.0235421848834347,J1251-0208,3.1500000000000004,3.1500000000000004,measured,0.008325338078735589,0.0235421848834347
J1306+0600,11.376,9.838895165584168,-0.1451624482208795,3.674,4.0,11.43000030517578,2.691536695250786,1.7892131127149065,0.9999966581273918,0.0017882201169335,9.846076949810955,-0.1444327764181121,J1306+0600,,4.0,default_4,0.009080097432056788,0.1444327764181121
J1313+4615,13.185,11.693566219397464,-0.1200410250276577,4.933,4.0,11.579999923706056,3.801893295314423,1.789213112714908,0.9999966581273916,0.0017882201169332,11.70193006240468,-0.1193260290076727,J1313+4615,,4.0,default_4,0.009080097432058787,0.1193260290076727
J1318-0313,22.8,12.970294614029036,-0.5640988228530577,9.522,4.0,11.670000076293944,4.677352234557798,1.7892131127149071,0.9999966581273916,0.0017882201169331,12.96426069313054,-0.5645641418790373,J1318-0313,,4.0,default_4,0.009080097432052792,0.5645641418790373
J1330-0148,2.016,4.101537893997885,0.7102466492669784,1.466,4.0,10.670000076293944,0.4677352234557798,1.7892131127149071,0.9999966581273918,0.0017882201169332,4.104551610964752,0.7109811567569432,J1330-0148,2.85,2.85,measured,0.007741682483321244,-0.7109811567569432
J1402+6321,15.239,14.891793159318208,-0.0230476647760489,7.704,4.0,11.789999961853027,6.165949477018448,1.789213112714907,0.9999966581273916,0.0017882201169331,14.887005285501743,-0.0233692273714365,J1402+6321,3.95,3.95,measured,0.009062990652799252,0.0233692273714365
J1403+0006,8.268,9.9528290133296,0.185464191886548,3.598,4.0,11.4399995803833,2.7542260421949853,1.7892131127149076,0.9999966581273918,0.0017882201169334,9.960127050236572,0.1861971857434552,J1403+0006,3.45,3.45,measured,0.008710574845223418,-0.1861971857434552
J1416+5136,27.02,12.529880184396902,-0.7684611259684826,4.355,4.0,11.640000343322754,4.365161773191001,1.7892131127149071,0.9999966581273916,0.0017882201169331,12.539130251952496,-0.7677231576311305,J1416+5136,4.25,4.25,measured,0.009128382974027294,0.7677231576311305
J1420+6019,1.528,7.293691701944933,1.563050133397781,2.729,4.0,11.170000076293944,1.4791086480080775,1.7892131127149071,0.9999966581273918,0.0017882201169334,7.299000302797708,1.5637777032094689,J1420+6019,3.1500000000000004,3.1500000000000004,measured,0.008325338078730926,-1.5637777032094689
J1430+4105,28.064,17.496440217354646,-0.4724901721033174,10.959,4.0,11.93000030517578,8.511386362914989,1.7892131127149076,0.999996658127392,0.0017882201169328,17.48928686873557,-0.4728991016477089,J1430+4105,5.2,5.2,measured,0.009071064564467879,0.4728991016477089
J1432+6317,6.143,13.58146401874111,0.7933927011144337,6.718,4.0,11.710000038146973,5.12861429039393,1.7892131127149071,0.9999966581273916,0.0017882201169327,13.577360541141855,0.7930905173714347,J1432+6317,3.65,3.65,measured,0.008881132777184386,-0.7930905173714347
J1436-0000,20.629,13.272295175448455,-0.4410190597052441,7.005,4.0,11.6899995803833,4.897783461428336,1.7892131127149071,0.9999966581273916,0.0017882201169333,13.267883189828042,-0.4413515356668096,J1436-0000,2.95,2.95,measured,0.00794114475880986,0.4413515356668096
J1443+0304,4.589,6.656,0.3718565681061432,1.664,4.0,11.119999885559082,1.3182563911826832,1.7892131127149076,0.9999966581273916,0.0017882201169332,6.656,0.3718565681061432,J1443+0304,4.15,4.15,measured,0.009115390622763841,-0.3718565681061432
J1451-0239,5.221,9.39609856836934,0.5876056027739056,3.451,4.0,11.390000343322754,2.454710856206481,1.7892131127149076,0.999996658127392,0.001788220116933,9.402939590355771,0.5883334083382803,J1451-0239,3.35,3.35,measured,0.00858856038128164,-0.5883334083382803
J1525+3327,32.832,19.406563791146137,-0.525792300953186,12.13,4.0,12.020000457763672,10.47129651766654,1.7892131127149071,0.9999966581273916,0.0017882201169331,19.39869556889201,-0.5261978244565313,J1525+3327,4.55,4.55,measured,0.00916343298402128,0.5261978244565313
J1531-0105,12.99,13.120414364120492,0.0099895349658485,5.433,4.0,11.68000030517578,4.786304286528679,1.7892131127149071,0.999996658127392,0.0017882201169334,13.12976819927659,0.0107022031943002,J1531-0105,3.85,3.85,measured,0.00901003358178043,-0.0107022031943002
J1538+5817,6.28,8.278392513805192,0.2762788282244659,2.512,4.0,11.279999732971191,1.9054595463785964,1.7892131127149076,0.9999966581273918,0.0017882201169333,8.28466846407646,0.2770366531917232,J1538+5817,4.05,4.05,measured,0.009100443673823344,-0.2770366531917232
J1614+4522,7.64,10.302708127808554,0.2990091825283558,7.761,4.0,11.470000267028809,2.951211041237279,1.7892131127149076,0.9999966581273918,0.0017882201169329,10.297792906348125,0.2985319881586115,J1614+4522,,4.0,default_4,0.009080097432049905,-0.2985319881586115
J1621+3931,19.146,13.426026491269225,-0.3548987178776008,5.817,4.0,11.699999809265137,5.011870135142811,1.7892131127149071,0.999996658127392,0.001788220116933,13.435580218778714,-0.3541873882825062,J1621+3931,4.35,4.35,measured,0.009146797567843368,0.3541873882825062
J1627-0053,14.221,13.4260513833606,-0.0575227927279895,6.736,4.0,11.699999809265137,5.011870135142811,1.7892131127149071,0.9999966581273916,0.0017882201169331,13.421917924817532,-0.0578307086473115,J1627-0053,3.65,3.65,measured,0.008881132777194323,0.0578307086473115
J1630+4520,26.86,16.141633907960248,-0.5092362999222382,6.414,4.0,11.859999656677246,7.244353873869618,1.789213112714908,0.999996658127392,0.0017882201169332,16.153235445836,-0.5085178242877517,J1630+4520,4.6,4.6,measured,0.009164650680127118,0.5085178242877517
J1636+4707,14.455,12.386456200042662,-0.1544367417202705,6.132,4.0,11.630000114440918,4.265796312095559,1.789213112714907,0.999996658127392,0.0017882201169335,12.38274359768,-0.1547365174434096,J1636+4707,3.1500000000000004,3.1500000000000004,measured,0.008325338078722266,0.1547365174434096
J1644+2625,7.438,9.83892259385558,0.2797442170721584,3.755,4.0,11.43000030517578,2.691536695250786,1.7892131127149071,0.9999966581273918,0.0017882201169333,9.84603584720837,0.2804669266154573,J1644+2625,,4.0,default_4,0.00908009743205479,-0.2804669266154573
J1719+2939,11.859,10.18468545245678,-0.152201907191992,4.451,4.0,11.460000038146973,2.8840317564502844,1.7892131127149071,0.999996658127392,0.0017882201169329,10.191886943941746,-0.1514950668417403,J1719+2939,,4.0,default_4,0.009080097432054457,0.1514950668417403
J2238-0754,7.462,10.068080908748328,0.2995466386702574,4.41,4.0,11.449999809265137,2.818381693478142,1.7892131127149071,0.9999966581273918,0.0017882201169332,10.075245963448234,0.3002580459812298,J2238-0754,2.85,2.85,measured,0.0077416824833195785,-0.3002580459812298
J2300+0022,16.462,12.674988101556666,-0.2614240838068293,5.548,4.0,11.649999618530272,4.466831997992276,1.789213112714907,0.9999966581273916,0.0017882201169331,12.683990499772442,-0.2607140868676407,J2300+0022,4.05,4.05,measured,0.00910044367382945,0.2607140868676407
J2303+1422,11.687,13.581482000560516,0.1502301343415366,7.899,4.0,11.710000038146973,5.12861429039393,1.7892131127149071,0.9999966581273916,0.0017882201169332,13.576389459052969,0.1498551018891731,J2303+1422,3.55,3.55,measured,0.008812886671181464,-0.1498551018891731
J2321-0939,3.814,11.96594941939619,1.1433865607536065,6.346,4.0,11.600000381469728,3.981075202376568,1.7892131127149076,0.999996658127392,0.0017882201169333,11.96196053716278,1.143053152421863,J2321-0939,4.25,4.25,measured,0.00912838297403773,-1.143053152421863
J2341+0000,14.021,13.897876068759452,-0.0088201780862533,7.353,4.0,11.729999542236328,5.3703123031766005,1.789213112714907,0.999996658127392,0.0017882201169334,13.893233739739696,-0.0091542654325249,J2341+0000,3.75,3.75,measured,0.008957452370558061,0.0091542654325249
J2347-0005,33.608,15.5936405349847,-0.7679009607404739,6.281,4.0,11.829999923706056,6.760828566222668,1.7892131127149071,0.9999966581273918,0.0017882201169327,15.604854654732623,-0.7671820722067362,J2347-0005,4.45,4.45,measured,0.009157569998222426,0.7671820722067362
