galaxy,f_lambda_opt,class_P14_lambda,bridge_best_error,bridge_best_verdict,beta_grav,beta_mod_bridge,beta_mod_ML,mi_ds_graph,mi_dw_graph,mi_norm_lambda2,delta3_proxy,Rd_fit,lambda_corr,mean_MI,max_MI,sigma_source,d_min,regime_LOW_HIGH
CamB,0.5,short_0p5Rd,0.2695487548098539,moderate_bridge,0.684537873735334,1.7125123700671865,2.3444581432966096,2.3222775349127325,2.5418201878213083,0.4264997398920413,0.0364182141795966,0.6017076720336605,0.3008538360168302,0.0805633677504888,2.02979305044186,SBdisk+SBbul,,
D512-2,0.5,short_0p5Rd,0.0265997680315731,strong_bridge,0.6042373686247164,1.5739136982462605,1.6169234879505472,2.144859290166924,2.475850505075547,0.2029068087156613,0.0292441022868572,1.113395048427806,0.5566975242139031,0.0410111593098058,1.4228349958602646,SBdisk+SBbul,,
D564-8,0.5,short_0p5Rd,0.0069178942165734,strong_bridge,0.5520221891565869,1.4837902984842688,1.473596116432833,2.068148602451544,1.7790792282876475,0.2255162287925733,0.0175633628767292,0.6134810215837662,0.3067405107918831,0.0258013985301603,1.559147463178114,SBdisk+SBbul,,
D631-7,0.5,short_0p5Rd,0.0401301671543648,strong_bridge,0.5249462009026238,1.4370571427579286,1.497137521759197,2.01885435224608,2.2753427105783954,0.3388152828869434,0.0076991360481193,0.907574541424315,0.4537872707121575,0.0250635143177521,3.5199900224035345,SBdisk+SBbul,,
DDO064,0.5,short_0p5Rd,0.1549283765475171,strong_bridge,0.7528862076650595,1.8304815944298929,2.16606680857604,2.3685967486086668,1.6712482038601837,0.5153098032602057,0.0415603651880718,1.0011375905583526,0.5005687952791763,0.1021249725675154,2.4331984971369645,SBdisk+SBbul,,
DDO154,1.0,standard_1Rd,0.2228406513929126,moderate_bridge,0.6617902897565795,1.6732500401198562,2.153033407008284,2.313055767004932,2.379105091083992,0.5227474728387654,0.0157154306874798,0.440391488825231,0.440391488825231,0.0275912641572207,4.6184300862555405,SBdisk+SBbul,2.473392808180225,HIGH_massive
DDO161,0.5,short_0p5Rd,0.0861308843612431,strong_bridge,0.5093348567560048,1.4101119627608645,1.5430130405219509,1.952108602922066,2.3743134324704465,0.3007432627331975,0.0063874851086034,1.4036053154543735,0.7018026577271869,0.0249678513922604,4.341589251672761,SBdisk+SBbul,,
DDO168,0.5,short_0p5Rd,0.1196613689534188,strong_bridge,0.6521018767384863,1.6565278392506273,1.4794900361696266,2.221017625847644,1.716777588229303,0.3414189328725638,0.0243038056897444,1.024840073681334,0.5124200368406671,0.0494925901672738,2.222319668158801,SBdisk+SBbul,,
DDO170,1.5,extended_1p5_2Rd,0.1383421897866469,strong_bridge,0.7726442047065412,1.8645838973234896,2.163949395249844,2.393237988909165,1.6574729250064095,0.5273478184562311,0.0529064893747649,1.6909964625764278,2.536494693864641,0.0907368362997537,3.2224900742687863,SBdisk+SBbul,,
ESO079-G014,1.0,standard_1Rd,0.0360317949995929,strong_bridge,0.5962373333105795,1.5601056372940605,1.5058472576072564,2.1564898242950385,2.381248401472806,0.3145694048363551,0.0202451000893523,1.9735133665167848,1.9735133665167848,0.0700448831282864,3.845815920999651,SBdisk+SBbul,,
ESO116-G012,0.5,short_0p5Rd,0.0582929365245487,strong_bridge,0.4930048822679516,1.3819264267944844,1.4674695352654206,1.986012299466668,1.9863820572999296,0.279088738247692,0.0105872090790777,1.4414755365749838,0.7207377682874919,0.0466675240732962,4.53244447265756,SBdisk+SBbul,,
ESO444-G084,0.5,short_0p5Rd,0.1382267810830451,strong_bridge,0.423042758322492,1.261171800864621,1.463461352917901,1.7947220678970104,2.2526627130317864,0.2275291684292073,0.0044957060734323,0.4616459500778223,0.2308229750389111,0.0190517965359168,3.5458716963508974,SBdisk+SBbul,,
ESO563-G021,1.0,standard_1Rd,0.0692329191269053,strong_bridge,0.5318160849878484,1.4489145626890263,1.5566886630002963,1.932260410351032,2.545387679328194,0.2863797111387806,0.0067917888094148,2.7552391828439164,2.7552391828439164,0.0571869034872122,6.706353667006639,SBdisk+SBbul,,
F561-1,0.5,short_0p5Rd,0.0703859295313319,strong_bridge,0.4620087296565471,1.3284270673872005,1.4290092088617692,1.879152640203832,2.263957359129897,0.1536876213823981,0.0154759080726461,1.928800574618546,0.964400287309273,0.0234795285033071,1.150467535209282,SBdisk+SBbul,,
F563-1,1.0,standard_1Rd,0.0488522289673015,strong_bridge,0.482527397064064,1.3638422873325746,1.433891061797682,1.9648114055760333,1.9543836773819323,0.258668745843533,0.0106589668467807,1.5260186071093271,1.5260186071093271,0.0359440301584238,4.482031864220903,SBdisk+SBbul,,
F563-V1,2.0,extended_1p5_2Rd,0.2285129626403231,moderate_bridge,0.8738964233617526,2.039345226722385,2.6433953235323338,2.433281154356425,3.250721331845122,0.8190199798650957,0.0774476950601465,3.6514465706831896,7.302893141366379,0.4540763101771669,1.8648355509969416,SBdisk+SBbul,,
F563-V2,0.5,short_0p5Rd,0.2304293295177996,moderate_bridge,0.6561957880327371,1.6635939301445042,2.161716907820985,2.270957646165744,2.483709122110344,0.4277549437481674,0.0256884411718016,2.7685467104399866,1.3842733552199933,0.0820880297498668,3.085046559673363,SBdisk+SBbul,,
F565-V2,0.5,short_0p5Rd,0.0336834135194078,strong_bridge,0.5251766984554376,1.4374549815340854,1.487561117800347,2.002637691814312,2.335120687489332,0.2213041927362446,0.0165377770399005,1.7876047351902258,0.8938023675951129,0.028227611896612,1.6883882387949252,SBdisk+SBbul,,
F567-2,0.5,short_0p5Rd,0.0767029850347504,strong_bridge,0.5429728150317104,1.468171078744732,1.590139527094637,2.0301431944559685,2.3797984881129848,0.19103233808549,0.0211234376925615,2.287813248781353,1.1439066243906766,0.0311746654658548,1.3365340332047744,SBdisk+SBbul,,
F568-1,1.0,standard_1Rd,0.0710361440313594,strong_bridge,0.6155828385684323,1.593495979369114,1.4878078468680114,2.187155118614114,2.4339859001382576,0.3352151219048143,0.0226929046431737,1.6899741764519112,1.6899741764519112,0.0752098207540955,3.887312243979863,SBdisk+SBbul,,
F568-3,0.5,short_0p5Rd,0.0410342126483761,strong_bridge,0.519934689835559,1.428407274656175,1.4895289211526594,1.9990520819938924,2.3063469577524387,0.2480675778563715,0.0147034481177462,3.5264737681431364,1.7632368840715682,0.0525743624429039,3.309955276446275,SBdisk+SBbul,,
F568-V1,3.0,very_extended_3Rd,0.2336924861939182,moderate_bridge,0.8118970903998561,1.932334378030152,2.521617422792411,2.4290902526557576,1.6142670657536935,0.7833378316792332,0.0689173417240622,1.690231829361957,5.070695488085871,0.1860419636711485,6.195199142504538,SBdisk+SBbul,,
F571-8,2.0,extended_1p5_2Rd,0.0106469819354486,strong_bridge,0.5573321577397716,1.492955304258846,1.5090218324491294,2.110672083958969,2.16349919288838,0.3359330074126123,0.0168954090106579,0.6439528366869588,1.2879056733739176,0.0734869603121272,8.91594407937845,SBdisk+SBbul,,
F571-V1,0.5,short_0p5Rd,0.0511370071332746,strong_bridge,0.5031703376364236,1.3994720027604672,1.4748936498538658,1.9892592507681528,1.818311201940841,0.2249811149233274,0.0138205950374877,2.3896484207893915,1.1948242103946958,0.0223244947413018,1.775589112807168,SBdisk+SBbul,,
F574-1,0.5,short_0p5Rd,0.1837503507612235,strong_bridge,0.3687917353390455,1.1675345351951925,1.430364516890169,1.6986156567511832,2.177257676034537,0.1318829168421788,0.0085124408285627,1.8641842144337355,0.9320921072168676,0.0348672192103285,3.2782843198589138,SBdisk+SBbul,,
F574-2,0.5,short_0p5Rd,0.046482722658153,strong_bridge,0.5905236359644284,1.5502437956746036,1.6258161572030154,2.124457627836094,2.4389110881692213,0.21849609149739,0.0261458469896922,3.021066645325999,1.5105333226629996,0.0406118997857015,1.2599822947082842,SBdisk+SBbul,,
F579-V1,0.5,short_0p5Rd,0.0737966946280181,strong_bridge,0.4641546703073214,1.3321309609504368,1.4382705753953515,1.872678907672692,2.2996330653563595,0.2052970693928616,0.0100628635654855,2.440960278478003,1.2204801392390014,0.0446235350063692,3.6857508133007184,SBdisk+SBbul,,
F583-1,3.0,very_extended_3Rd,0.2365428962443859,moderate_bridge,0.8088787006389353,1.927124637302802,2.5242081419150475,2.429704911753522,1.6222120924824777,0.7951234385002324,0.0689894201833959,1.5006595409888257,4.501978622966476,0.1823874775962062,6.429679554462645,SBdisk+SBbul,,
F583-4,1.0,standard_1Rd,0.1915310130719069,strong_bridge,0.8279262141143349,1.960000645561342,2.424336217284818,2.419198279880998,1.5657950583421123,0.6770696546293439,0.0637893473056482,1.9997120224442189,1.9997120224442189,0.1840941849851851,3.033382296470348,SBdisk+SBbul,,
IC2574,1.0,standard_1Rd,0.168878578499504,strong_bridge,0.8341698629381109,1.97077718343118,2.3712265530025247,2.416819116082439,1.5501349677429792,0.6414346088250366,0.0640566303555803,3.016235481441424,3.016235481441424,0.1734982319641348,2.8177730855550243,SBdisk+SBbul,,
IC4202,2.0,extended_1p5_2Rd,0.0013180183106114,strong_bridge,0.5686277926730074,1.512451570153611,1.51046075522077,2.0972865218706063,2.359570915770955,0.3234412248234708,0.014590887391117,1.2228788680015756,2.445757736003152,0.0630192658493812,6.665104181256192,SBdisk+SBbul,,
KK98-251,0.5,short_0p5Rd,0.1090688597278308,strong_bridge,0.810438222288731,1.9298163716703496,2.16606680857604,2.385379880394249,1.55720185950198,0.5171665028894369,0.0509321524060625,1.41544135805818,0.70772067902909,0.1220299383399617,1.935617040935325,SBdisk+SBbul,,
NGC0024,0.5,short_0p5Rd,0.1056032598902375,strong_bridge,0.4480902830125886,1.304403828479728,1.458417467308354,1.8524995047931905,2.248184836748052,0.237699123822234,0.0056809365935679,1.208543838297003,0.6042719191485015,0.0406729629233904,5.6395314685753695,SBdisk+SBbul,2.4973536407983,HIGH_massive
NGC0055,1.0,standard_1Rd,0.1075708906335833,strong_bridge,0.6495967605902391,1.6522040087787526,1.4917365766390025,2.2123587183473203,1.7068227816287276,0.3387797907088285,0.0245194712213569,1.733398620856963,1.733398620856963,0.0539724531181701,3.0095544832827645,SBdisk+SBbul,,
NGC0100,0.5,short_0p5Rd,0.0019715793444442,strong_bridge,0.564002706455998,1.5044686713430526,1.501508328536998,2.083746796246652,2.3683274996694026,0.3195369532535391,0.0145582254502954,1.8205655611464595,0.9102827805732298,0.0604985822055607,3.9110334110522142,SBdisk+SBbul,,
NGC0247,0.5,short_0p5Rd,0.0500606238544846,strong_bridge,0.5966622028106268,1.5608389620511418,1.4864274753220723,2.1493136615053223,2.408695966503059,0.3166075909729572,0.0201109172000158,3.4217429868918825,1.7108714934459412,0.0511007071956778,2.588458603626524,SBdisk+SBbul,,
NGC0289,2.0,extended_1p5_2Rd,0.0770296422682353,strong_bridge,0.5142474803937143,1.4185911511595508,1.5369845188157434,1.7877442949438325,2.708296702268332,0.2383283024335271,0.0040994568894855,1.6166487805012546,3.233297561002509,0.0432589151422924,9.128792400458764,SBdisk+SBbul,,
NGC0300,0.5,short_0p5Rd,0.0488514185793131,strong_bridge,0.4825280703016614,1.3638434493406677,1.433891061797682,1.9649925231152072,1.9617313565320496,0.2701755290981191,0.0098895397797906,1.7531079007033643,0.8765539503516822,0.0264809188409992,3.0317245723596287,SBdisk+SBbul,,
NGC0801,2.0,extended_1p5_2Rd,0.0839878800940183,strong_bridge,0.4696025682682316,1.341534032830968,1.4645374266103175,1.904589250921804,2.2344719230173364,0.248131445097034,0.0085970355958624,1.8766472803598129,3.753294560719625,0.054072032797853,7.938638024983856,SBdisk+SBbul,,
NGC0891,3.0,very_extended_3Rd,0.2390280384644019,moderate_bridge,0.8052442764062695,1.920851621077221,2.5242081419150475,2.430652580251742,1.6323059334651189,0.8051795105093741,0.0692812466352938,1.600850733706925,4.802552201120776,0.1545634492237553,6.313579877901648,SBdisk+SBbul,,
NGC1003,1.0,standard_1Rd,0.1059868775489814,strong_bridge,0.491583955005602,1.379473906339669,1.5430130405219509,1.954564794169744,2.2309102207941023,0.2832377554317791,0.0148836182331031,1.7687131242549856,1.7687131242549856,0.0346975017963826,6.402250153545574,SBdisk+SBbul,,
NGC1090,1.5,extended_1p5_2Rd,0.099514679675443,strong_bridge,0.503570242976731,1.400162239377838,1.554897351211883,1.978806587573548,2.2416470024362423,0.2987639985169139,0.0086436665892474,1.274761999531,1.9121429992965,0.059543365601658,7.463756244559783,SBdisk+SBbul,,
NGC1705,1.0,standard_1Rd,0.2337031184381571,moderate_bridge,0.4811209129154026,1.3614146956919848,1.7766152106963962,1.8061724051255108,2.5401336688876937,0.2981296324474604,0.0022867449733635,0.2472056687014497,0.2472056687014497,0.0250697385275983,6.342820088078169,SBdisk+SBbul,,
NGC2366,0.5,short_0p5Rd,0.0206096034702696,strong_bridge,0.5384019677499152,1.4602817963363537,1.4910109405917842,2.0662625054291843,2.18859374937713,0.3487503017084917,0.0097289010192894,0.8299642621692492,0.4149821310846246,0.0491677964752921,4.848983155297533,SBdisk+SBbul,,
NGC2403,1.0,standard_1Rd,0.0842131031311052,strong_bridge,0.511472136431335,1.4138009074804845,1.5438099325446952,1.890631843347768,2.526017050840276,0.3277959934684765,0.0039323209105711,0.9439389931226244,0.9439389931226244,0.0579514791224917,8.826959103094936,SBdisk+SBbul,2.4733085493949534,HIGH_massive
NGC2683,1.5,extended_1p5_2Rd,0.2091532182836483,moderate_bridge,0.6808275069985958,1.7061082770795766,2.15731835359671,2.34141255537571,2.451352005945163,0.5521139998786091,0.0190785006748822,1.832712276555032,2.749068414832548,0.0298289893911963,5.36070924278731,SBdisk+SBbul,,
NGC2841,1.0,standard_1Rd,0.2434667842298832,moderate_bridge,0.6379391607684894,1.632082991486413,2.15731835359671,2.2650688721167005,2.339547967406672,0.5630197097832487,0.0155004114414921,4.474235296773433,4.474235296773433,0.0359186506393629,5.9103995864887935,SBdisk+SBbul,2.4733427835956734,HIGH_massive
NGC2903,1.5,extended_1p5_2Rd,0.0503265221449583,strong_bridge,0.5241683671077042,1.4357146016278974,1.511798144421851,1.873795973786448,2.615493684362574,0.2755642038756398,0.005436328588519,0.830253921440087,1.2453808821601309,0.0544998144540668,8.599332290740243,SBdisk+SBbul,,
NGC2915,2.0,extended_1p5_2Rd,0.1332466164770046,strong_bridge,0.4194660664376943,1.2549984306714603,1.4479302354383767,1.8050668645188048,2.1918926641997074,0.2000769470126183,0.0122619986595427,0.2703234742908706,0.5406469485817412,0.0370962193519968,7.968701389489514,SBdisk+SBbul,,
NGC2955,1.5,extended_1p5_2Rd,0.1070594346336096,strong_bridge,0.4530081697016217,1.3128921009049992,1.4703017779982868,1.8495854085693293,2.292228000759033,0.2150085459863017,0.0093920973184641,1.6983849850275647,2.547577477541348,0.0582067158775072,7.928917615145537,SBdisk+SBbul,,
NGC2976,1.0,standard_1Rd,0.2615785265761,moderate_bridge,0.8163047974544586,1.939942080406396,2.6271474357473728,2.432013047725251,3.0242891329167896,0.7954559564859124,0.0760870737605562,1.5073265208686957,1.5073265208686957,0.3916695178032938,1.906987385343232,SBdisk+SBbul,,
NGC2998,1.0,standard_1Rd,0.1052291062786754,strong_bridge,0.4545673441133138,1.3155832359395796,1.4703017779982868,1.7661116572338915,2.491326310695513,0.1943352566669761,0.006560440287829,2.4809703096576694,2.4809703096576694,0.0617681693939476,7.642583069476191,SBdisk+SBbul,,
NGC3109,1.0,standard_1Rd,0.1928336409645031,strong_bridge,0.8260965455293601,1.956842637583676,2.424336217284818,2.419798352750922,1.5703661480847566,0.6789303950294541,0.0636574655009229,1.692354344217481,1.692354344217481,0.1716828279607781,3.135360389781805,SBdisk+SBbul,,
NGC3198,1.5,extended_1p5_2Rd,0.1111222311760338,strong_bridge,0.5422654910580751,1.4669502375662375,1.6503396631317406,1.8304052642722028,2.756434803912019,0.2921766454285812,0.0027571941997541,1.1804470594404606,1.7706705891606909,0.0559420592516496,9.005552759108765,SBdisk+SBbul,2.47330854021291,HIGH_massive
NGC3521,1.0,standard_1Rd,0.1293712126469722,strong_bridge,0.4227171176428146,1.260609745051498,1.4479302354383767,1.795610269549589,2.2477103104600102,0.2028631273102054,0.0070856014928646,0.989594988188126,0.989594988188126,0.0398534481973885,6.637003050442416,SBdisk+SBbul,,
NGC3726,0.5,short_0p5Rd,0.2106405027504003,moderate_bridge,0.3887196539918403,1.2019301227899164,1.5226650556278285,1.7324279519575028,2.2087290717595853,0.2070789744948468,0.0041906302658586,3.353812833931353,1.6769064169656764,0.0102564074100519,2.2266930887308742,SBdisk+SBbul,,
NGC3741,1.0,standard_1Rd,0.2260617321859485,moderate_bridge,0.1426967133806198,0.7772945272949499,1.0043365984348829,1.2867170688486391,1.996276060139182,0.0292885052227221,0.0038055662445172,0.1868714778365809,0.1868714778365809,0.0172161954693194,6.032980570229862,SBdisk+SBbul,,
NGC3769,1.5,extended_1p5_2Rd,0.0401536599701975,strong_bridge,0.529675373841274,1.4452196952500391,1.5056781851198873,1.917816481288424,2.5625441762691032,0.2435145598491216,0.0105149360585579,1.439257105286022,2.158885657929033,0.031504198527205,6.855451993181992,SBdisk+SBbul,,
NGC3877,2.0,extended_1p5_2Rd,0.2635325715025675,moderate_bridge,0.8133305424614665,1.934808516288492,2.6271474357473728,2.432103771741529,3.0113926136284985,0.7981447584542412,0.0757330966669201,3.652599611897944,7.305199223795888,0.3673115716510777,2.804685291197609,SBdisk+SBbul,,
NGC3893,1.5,extended_1p5_2Rd,0.2128564217774712,moderate_bridge,0.6785483001633184,1.702174366081887,2.1624699904503006,2.3527350110754948,1.9770472480730257,0.5342903350457221,0.0312254744729888,1.5682761801376328,2.352414270206449,0.0550604444188323,4.756007181459427,SBdisk+SBbul,,
NGC3917,0.5,short_0p5Rd,0.2147022894124207,moderate_bridge,0.6770246443576884,1.6995445361613704,2.164204114245703,2.333130766575924,2.447532997258062,0.4622430631121735,0.034597557469355,4.385969150828564,2.192984575414282,0.0782285200189532,2.546000350638707,SBdisk+SBbul,,
NGC3949,0.5,short_0p5Rd,0.011720739266903,strong_bridge,0.5441053312833293,1.4701258017950265,1.487561117800347,2.0271743785354706,2.396267010501822,0.1589385806655016,0.0210697654557228,1.5652968026245646,0.7826484013122823,0.0254626358492164,1.558290515965959,SBdisk+SBbul,,
NGC3953,0.5,short_0p5Rd,0.0178903607343216,strong_bridge,0.6327086242528965,1.6230550854604997,1.6526210726065726,2.21426583423884,2.4789952215751194,0.248800704806887,0.0329545588853667,4.718958070410778,2.359479035205389,0.0463567407358646,1.4842725208165055,SBdisk+SBbul,,
NGC3972,2.0,extended_1p5_2Rd,0.2712922170539061,moderate_bridge,0.8015195732189939,1.914422783375984,2.6271474357473728,2.4320763464388344,2.959425077856607,0.7958549811295429,0.0754704883123847,2.775889335256539,5.551778670513078,0.3527871826056717,2.732540747809653,SBdisk+SBbul,,
NGC3992,0.5,short_0p5Rd,0.0885746003902886,strong_bridge,0.4526079756941368,1.3122013660480802,1.43972437745315,1.9042817397363043,2.0167517772009504,0.139393415105573,0.0102908414162602,6.608113971792784,3.304056985896392,0.0120500566092222,1.437672430468282,SBdisk+SBbul,,
NGC4010,0.5,short_0p5Rd,0.2356759233265851,moderate_bridge,0.6450593293349636,1.644372402432147,2.151407305640543,2.240998773705981,2.490431561795828,0.3729708432445253,0.0257502756623379,2.813542027599071,1.4067710137995355,0.0605365081844105,2.2636386196578875,SBdisk+SBbul,,
NGC4013,1.0,standard_1Rd,0.0057494150674973,strong_bridge,0.568797744037767,1.5127449062091858,1.504097226949581,2.1242948665697443,2.2458129202127632,0.223153701274843,0.0159287409194532,2.1398464795251364,2.1398464795251364,0.0108581200408595,2.143016020311624,SBdisk+SBbul,,
NGC4051,2.0,extended_1p5_2Rd,0.2422056294072057,moderate_bridge,0.8457923160641099,1.9908375375266536,2.6271474357473728,2.4333598469434845,3.1433021255451288,0.8224840292141534,0.0771964509111985,5.331969478575007,10.663938957150014,0.436987259209492,2.0332924175180995,SBdisk+SBbul,,
NGC4068,0.5,short_0p5Rd,0.2491220177932661,moderate_bridge,0.7114807889891623,1.759015841795294,2.3426120934133303,2.368729403523876,2.60287377949918,0.4835652418527288,0.0470009584902702,0.9668312217307866,0.4834156108653933,0.1071951770810543,1.7907054467055823,SBdisk+SBbul,,
NGC4085,0.5,short_0p5Rd,0.0362500739341339,strong_bridge,0.5890382143115498,1.5476799579017348,1.4935390566737932,2.132880826204934,2.402596834738609,0.2708689413550974,0.021590459538776,1.4586660563443865,0.7293330281721933,0.0374523911651253,1.789541807683733,SBdisk+SBbul,,
NGC4088,2.0,extended_1p5_2Rd,0.2056412017052782,moderate_bridge,0.854071231898835,2.005126946257389,2.5242081419150475,2.432010638051405,1.5308883307457026,0.8037133917680376,0.072256222598061,4.093259438213155,8.18651887642631,0.2028833675322171,3.759384645154037,SBdisk+SBbul,,
NGC4100,0.5,short_0p5Rd,0.0175108651516683,strong_bridge,0.5712270909051362,1.5169379589022651,1.490832197331036,2.1446690544290807,2.096595442077254,0.3280159188163147,0.0138702535171736,3.669177640331005,1.8345888201655025,0.023149235443021,2.1119202588465327,SBdisk+SBbul,,
NGC4138,1.0,standard_1Rd,0.008596493635206,strong_bridge,0.5554697054636066,1.489740711630185,1.5026583041779402,2.0809153912240617,2.3067164519709435,0.2721974956926258,0.0102704478127003,1.285599399199154,1.285599399199154,0.0145708523591077,2.399513875874233,SBdisk+SBbul,,
NGC4157,0.5,short_0p5Rd,0.065573361585843,strong_bridge,0.5259330696111979,1.4387604781489276,1.539725451952751,1.928656188023896,2.5230169926025376,0.323549649141705,0.0042273261686602,2.994486991415694,1.497243495707847,0.0187758680424593,3.756016256331696,SBdisk+SBbul,,
NGC4183,0.5,short_0p5Rd,0.0715023480513289,strong_bridge,0.4637105932962542,1.3313644840293346,1.433891061797682,1.9234460353292016,2.0599770130153026,0.2683077738511824,0.0083602526278875,2.7680753700379577,1.3840376850189788,0.033198096283308,4.21882539901898,SBdisk+SBbul,,
NGC4214,1.0,standard_1Rd,0.2591012677653656,moderate_bridge,0.6173040636060878,1.5964668137841076,2.1547706107810214,2.222163725033897,2.31389767412041,0.4743673082353088,0.0130087822136167,0.4281325585111507,0.4281325585111507,0.0481594268462438,6.086461675150306,SBdisk+SBbul,,
NGC4217,1.0,standard_1Rd,0.2742383783865946,moderate_bridge,0.6004339944159951,1.5673490743620078,2.1595921135616267,2.1597276421785,2.404354511231384,0.4116368798625515,0.0139752811394284,1.4047337414977328,1.4047337414977328,0.0458140303119049,5.623995859948978,SBdisk+SBbul,,
NGC4389,0.5,short_0p5Rd,0.0489131274046016,strong_bridge,0.6277410141683646,1.6144809904545974,1.6975115911850185,2.210783113791114,2.452880362436136,0.2856068389156088,0.0290740749220899,1.5280632016544773,0.7640316008272386,0.0482207140280331,1.5608158762721072,SBdisk+SBbul,,
NGC4559,0.5,short_0p5Rd,0.1449942366179899,strong_bridge,0.4321922613208278,1.2769638430397487,1.49351489513786,1.7762834212782364,2.357398202191392,0.23110197509341,0.0038721483817753,1.9795154170088125,0.989757708504406,0.027806371469762,5.07978611006483,SBdisk+SBbul,,
NGC5005,2.0,extended_1p5_2Rd,0.0890620940901948,strong_bridge,0.4620670646652107,1.3285277536121538,1.458417467308354,1.869950793333104,2.2934363142611107,0.203799386349312,0.0100758383996696,0.4517385988900764,0.9034771977801528,0.0439948276726607,6.173256189180606,SBdisk+SBbul,,
NGC5033,3.0,very_extended_3Rd,0.0006773456954546,strong_bridge,0.5660484953688139,1.5079997030065728,1.5090218324491294,2.054437179325776,2.4656508309027623,0.3447266064395261,0.010494782715121,0.989799665990601,2.969398997971803,0.0597119902317867,10.01693434487882,SBdisk+SBbul,,
NGC5055,2.0,extended_1p5_2Rd,0.0742838614423799,strong_bridge,0.4778365766713888,1.355745931334817,1.4645374266103175,1.887118134181579,2.348783008998269,0.2607956508457859,0.0096113648913605,1.4501696159511246,2.900339231902249,0.0577248913249523,9.47860576497429,SBdisk+SBbul,2.473312674745497,HIGH_massive
NGC5371,0.5,short_0p5Rd,0.1757005985757199,strong_bridge,0.5426931777019206,1.467688424713515,1.7805283155338263,1.720627693925035,2.8978773861505456,0.1860104818534028,0.0018909430378804,3.328312907923166,1.664156453961583,0.0187847150959794,4.493310775796563,SBdisk+SBbul,,
NGC5585,1.0,standard_1Rd,0.1511133549515187,strong_bridge,0.4014645810502428,1.2239278668927192,1.4418036542709642,1.6972026958856548,2.371743393264089,0.2193960821551213,0.0062818037794304,0.4437080365216754,0.4437080365216754,0.0504215533752802,8.156610952408782,SBdisk+SBbul,,
NGC5907,0.5,short_0p5Rd,0.1382483503792292,strong_bridge,0.4175347547784804,1.2516649867476572,1.452466017672812,1.7990702599334203,2.19824637889926,0.2352921937970179,0.0049315797931902,5.5410908254871805,2.7705454127435902,0.0126672992476973,2.4436483518209373,SBdisk+SBbul,,
NGC5985,0.5,short_0p5Rd,0.0795669424849281,strong_bridge,0.6181545519885061,1.5979347567321611,1.4801627336365666,2.1932629754320923,2.4344657203740745,0.3470221572182453,0.0217945205890965,8.189955275101287,4.094977637550644,0.0460969426323854,2.254188039326209,SBdisk+SBbul,,
NGC6015,0.5,short_0p5Rd,0.1844965471070082,strong_bridge,0.4847164477877927,1.3676205888817303,1.6770261168485645,1.7331068961498328,2.672383217247921,0.2429914184195309,0.0022074420820007,2.165642318289174,1.082821159144587,0.0411603716891613,7.0884450240852805,SBdisk+SBbul,,
NGC6195,2.0,extended_1p5_2Rd,0.0195604417407559,strong_bridge,0.5845921406865378,1.5400060348249642,1.51046075522077,2.1335401702914827,2.364670794691295,0.3511229741470085,0.0154338613465855,1.785733910468503,3.571467820937006,0.062079441946731,6.832005997342658,SBdisk+SBbul,,
NGC6503,1.0,standard_1Rd,0.0589696727216884,strong_bridge,0.5132612023865479,1.4168888353191815,1.5056781851198873,1.8616831178670368,2.587590753516258,0.2729811643556504,0.0049314829007162,1.1883441291364694,1.1883441291364694,0.0357533828118451,7.45030059935734,SBdisk+SBbul,,
NGC6674,0.5,short_0p5Rd,0.2368010122459769,moderate_bridge,0.4580431959246493,1.3215825561659449,1.7316356250093548,1.7098545499139108,2.601645602134409,0.2287520596215328,0.0020331734995293,5.523946729137549,2.7619733645687745,0.0211116213867398,5.005869924149984,SBdisk+SBbul,,
NGC6789,2.0,extended_1p5_2Rd,0.2426066952012918,moderate_bridge,0.8523116569986122,2.0020899199796047,2.6433953235323338,2.432146241745249,3.1702833240880413,0.7925120987217179,0.0764207463809542,0.2686609814807045,0.537321962961409,0.40044928291106,2.045200864701717,SBdisk+SBbul,,
NGC6946,3.0,very_extended_3Rd,0.1131037374538088,strong_bridge,0.4478592999546351,1.3040051517217002,1.4703017779982868,1.807876294696156,2.3702374042965264,0.2218390584949952,0.0062731395838905,0.3576888300793133,1.07306649023794,0.0599960062845089,9.144062201300397,SBdisk+SBbul,,
NGC7331,1.0,standard_1Rd,0.1614786671750333,strong_bridge,0.3979859449721772,1.217923741021978,1.452466017672812,1.7538198208272404,2.205737477311901,0.1986835295096483,0.0051952222168191,2.002745530469947,2.002745530469947,0.0183941196248091,4.427046917970618,SBdisk+SBbul,2.50239862342784,HIGH_massive
NGC7793,1.0,standard_1Rd,0.0689749510974511,strong_bridge,0.4936381734100534,1.3830194873057522,1.4854804271227655,1.9864543422999088,2.0346806133711106,0.2806711688597921,0.0108754850187959,0.5689498681574486,0.5689498681574486,0.0585238432786764,6.324699290766341,SBdisk+SBbul,,
NGC7814,2.0,extended_1p5_2Rd,0.0644552170614978,strong_bridge,0.4828591268173314,1.3644148528867142,1.458417467308354,1.882123596378364,2.392106147632465,0.2494929248797674,0.0074843189869992,0.5730711420312331,1.1461422840624662,0.0412005320774847,7.92408783050853,SBdisk+SBbul,,
PGC51017,0.5,short_0p5Rd,0.0548601665547268,strong_bridge,0.4992783244791015,1.3927543880509292,1.473596116432833,1.997120703906665,1.9456834467515325,0.2761614819950353,0.0107836761435711,0.560348511780851,0.2801742558904255,0.0247456781959393,2.517668900780576,SBdisk+SBbul,,
UGC00128,1.0,standard_1Rd,0.0972052060851172,strong_bridge,0.4551863828739924,1.3166516968405109,1.458417467308354,1.8355076735327545,2.344722574659015,0.2413851417025111,0.0054485832867657,2.811132367573038,2.811132367573038,0.0406489945137649,6.774936762176027,SBdisk+SBbul,,
UGC00191,0.5,short_0p5Rd,0.1407297574407844,strong_bridge,0.4016242677051651,1.2242034860591149,1.4247013633487375,1.806898463670891,1.950388272702958,0.205272779909563,0.0067719732686849,1.254627234665797,0.6273136173328985,0.0220939901188309,3.033627237417703,SBdisk+SBbul,,
UGC00634,2.0,extended_1p5_2Rd,0.1029040877828663,strong_bridge,0.8193013700996055,1.945114164791919,2.1682343418382697,2.4043916460840262,1.5640692513587156,0.5322536261982898,0.0615308996996757,2.711434595540821,5.422869191081642,0.1226364629986356,2.6596918199678634,SBdisk+SBbul,,
UGC00731,0.5,short_0p5Rd,0.1329156430380909,strong_bridge,0.4080743137323264,1.2353362655019953,1.4247013633487375,1.819025379751113,1.856143328541773,0.1866268460388357,0.0082614759726537,1.532499249011478,0.766249624505739,0.0208263663903311,2.5896049292941887,SBdisk+SBbul,,
UGC00891,1.5,extended_1p5_2Rd,0.1335414543643895,strong_bridge,0.7832041450985834,1.882810354440155,2.1729953082279043,2.379815232097155,1.6098612131530228,0.4676258652726939,0.0525420266137375,1.1019495572847864,1.6529243359271797,0.0913281934867191,2.47731139109603,SBdisk+SBbul,,
UGC01230,1.0,standard_1Rd,0.0692444639834719,strong_bridge,0.4969197459974137,1.388683481591536,1.4919959407760923,1.9716261059664544,2.207718844718129,0.2771575849675263,0.0084355147089788,2.3439173089734107,2.3439173089734107,0.0498925417373107,6.689167091944526,SBdisk+SBbul,,
UGC01281,0.5,short_0p5Rd,0.2518397939067665,moderate_bridge,0.683099134906461,1.7100291068485518,2.285645631672975,2.309401507753857,2.566659843688817,0.4600828327126749,0.030850493552387,1.5048916454477017,0.7524458227238507,0.0990199669129104,2.8742863386412925,SBdisk+SBbul,,
UGC02023,0.5,short_0p5Rd,0.0339452447731206,strong_bridge,0.6825759065142396,1.7091260146435774,1.6530140481652025,2.3027800179412616,2.5801655842146696,0.3375018188355338,0.041618054207726,1.4894648889989963,0.7447324444994983,0.0749614935686365,1.4219171907060424,SBdisk+SBbul,,
UGC02259,0.5,short_0p5Rd,0.0144718546939287,strong_bridge,0.5925003868819951,1.5536556677583238,1.531492136099793,2.143148921660984,1.7887570317623611,0.2947863451616593,0.0189746817118779,1.7154734137732073,0.8577367068866036,0.033899040421511,2.0293942010773187,SBdisk+SBbul,,
UGC02455,0.5,short_0p5Rd,0.0238804245266532,strong_bridge,0.6022714466282566,1.570520516880371,1.5338905591504333,2.15654129002722,2.4285576021022868,0.3084385132678998,0.0212989902968768,0.9512342185966112,0.4756171092983056,0.0412139232115121,1.951677360568549,SBdisk+SBbul,,
UGC02487,1.5,extended_1p5_2Rd,0.2011772028715429,moderate_bridge,0.6860986972190153,1.7152063514000204,2.1471675039391767,2.369025062089354,1.983669969504866,0.5044073973965928,0.0370978051290699,6.845959325868089,10.268938988802134,0.0479544766032758,4.22663981777665,SBdisk+SBbul,,
UGC02885,2.0,extended_1p5_2Rd,0.1381803432100891,strong_bridge,0.412268094138031,1.2425747304822417,1.4418036542709642,1.7843258649378406,2.2091140710058608,0.1918710636465873,0.0074050176394784,2.1222055554499537,4.244411110899907,0.046778419151927,7.718694625858379,SBdisk+SBbul,2.5197651039009035,HIGH_massive
UGC02916,3.0,very_extended_3Rd,0.0025125424878091,strong_bridge,0.569673147186808,1.5142558520444305,1.51046075522077,2.1179239827642724,2.28807408733497,0.3551883689488769,0.0152663023985655,0.9970759381134732,2.9912278143404194,0.0731803624805898,10.648535828169235,SBdisk+SBbul,,
UGC02953,0.5,short_0p5Rd,0.0029791832574005,strong_bridge,0.5379882389559141,1.4595677004379075,1.4639290132441878,2.07642091472851,2.014446092375641,4.252505952067123e-05,0.0623267952373774,0.3974436132501381,0.198721806625069,0.0414690087930116,9.291082291938398,SBdisk+SBbul,,
UGC03205,3.0,very_extended_3Rd,0.052911589111756,strong_bridge,0.5481436198654777,1.4770958878878144,1.559617740969392,1.9029422029016467,2.6718485836042385,0.3090197685207193,0.0045856778601731,0.6446145019577709,1.9338435058733128,0.0638365824675051,10.042000178681684,SBdisk+SBbul,,
UGC03546,2.0,extended_1p5_2Rd,0.1073612702987559,strong_bridge,0.450512394537689,1.308584392972051,1.4659731304847363,1.6956657936868071,2.593293083320057,0.2460795548299409,0.004779223076336,0.5735333858882027,1.1470667717764054,0.0367279830794706,8.002270671732255,SBdisk+SBbul,,
UGC03580,3.0,very_extended_3Rd,0.1729658467105876,strong_bridge,0.4474399182659085,1.3032812989269582,1.5758494298492265,1.6512912052054185,2.647396934692412,0.2022607427724516,0.0030826494359558,0.3384667344120652,1.0154002032361955,0.0666373701075482,11.013470851231498,SBdisk+SBbul,,
UGC04278,0.5,short_0p5Rd,0.0029674735786408,strong_bridge,0.5585144054453193,1.494995863798621,1.4994454284902796,2.082134765190813,2.329091616319166,0.2797073038886412,0.0168951942607115,1.3845796939120387,0.6922898469560194,0.0637350386007208,3.387848445725901,SBdisk+SBbul,,
UGC04305,1.0,standard_1Rd,0.1994349499025243,strong_bridge,0.7921906745057536,1.8983211041969308,2.3712265530025247,2.412481335059884,1.6370758615367793,0.6460998558830816,0.0580234589687431,1.2157050340062352,1.2157050340062352,0.1409999347366801,3.519459087298973,SBdisk+SBbul,,
UGC04325,0.5,short_0p5Rd,0.2727181775671535,moderate_bridge,0.6684594586683663,1.6847610256616004,2.316517440276273,2.293445274780016,2.5080560934106337,0.3744399078856761,0.0340687259570901,1.7442472809705858,0.8721236404852929,0.0637717833206614,1.8468427246983543,SBdisk+SBbul,,
UGC04483,0.5,short_0p5Rd,0.076672156016291,strong_bridge,0.5108578995611985,1.4127407346426288,1.5300532133281524,2.020492978199953,1.9602265275891808,0.2958474412136068,0.0111245551568054,0.1880635833003443,0.0940317916501721,0.0316367812916595,3.1576407211858406,SBdisk+SBbul,,
UGC04499,1.5,extended_1p5_2Rd,0.1343833779007635,strong_bridge,0.7797564814030151,1.876859686901604,2.1682343418382697,2.3959839604695343,1.6431076821738104,0.5606119919742975,0.0522830189581533,1.1628827595554827,1.744324139333224,0.1080665891324802,3.433477572654718,SBdisk+SBbul,,
UGC05005,0.5,short_0p5Rd,0.117137750817056,strong_bridge,0.4383439892442329,1.2875817254355462,1.458417467308354,1.832910582205556,2.2405959639741515,0.2386596688768041,0.0053163816726906,3.0423182599367298,1.5211591299683649,0.0337110102584668,5.007416852378551,SBdisk+SBbul,,
UGC05253,0.5,short_0p5Rd,0.0045642533310297,strong_bridge,0.5366438414652936,1.4572472703690968,1.4639290132441878,2.073712724536928,2.014447267300543,1.3649146935521709e-05,0.0605629163423764,0.3075427567330944,0.1537713783665472,0.026203081968181,7.654196037803954,SBdisk+SBbul,,
UGC05414,0.5,short_0p5Rd,0.0602756876988976,strong_bridge,0.5591796107006424,1.4961440080693087,1.5921095032709134,2.0635285229568066,2.395577623791736,0.2220566831448161,0.021217563323739,1.003077578797257,0.5015387893986285,0.0353242010166058,1.362410276474974,SBdisk+SBbul,,
UGC05716,3.0,very_extended_3Rd,0.243865067627534,moderate_bridge,0.7970353531010264,1.906683019452372,2.521617422792411,2.429054808478164,1.65030372681418,0.7656808601582411,0.067153289937788,0.9864988206239264,2.95949646187178,0.1192298284668372,6.294027793446873,SBdisk+SBbul,,
UGC05721,1.5,extended_1p5_2Rd,0.0513874099983161,strong_bridge,0.5217132727975988,1.4314771088486555,1.5090218324491294,2.017934265519197,2.2485524809772777,0.3221513718359503,0.0162452009326492,0.275369516011811,0.4130542740177165,0.0620959298075983,9.13392655868892,SBdisk+SBbul,,
UGC05750,2.0,extended_1p5_2Rd,0.2108156599951271,moderate_bridge,0.8465037870869949,1.992065536512153,2.5242081419150475,2.4321680352659,1.5454145584227912,0.8210076797525722,0.0728080723269724,4.354256875756253,8.708513751512506,0.2455583156019443,4.486251396116838,SBdisk+SBbul,,
UGC05764,0.5,short_0p5Rd,0.0554388700827062,strong_bridge,0.4769608291271083,1.3542343910733892,1.433718102704445,1.908571625916676,2.279005309410381,0.209587219794485,0.013121090718493,0.6704043212394302,0.3352021606197151,0.0303818548480075,2.1820188010194816,SBdisk+SBbul,,
UGC05829,2.0,extended_1p5_2Rd,0.2610321624327157,moderate_bridge,0.8171364192147577,1.941377459564672,2.6271474357473728,2.431776004761858,3.02817029725973,0.7924269620972809,0.0751552253170103,2.0785577167175404,4.157115433435081,0.3398814434723071,2.6719850672486856,SBdisk+SBbul,,
UGC05918,1.0,standard_1Rd,0.1610496707873508,strong_bridge,0.8449254329543705,1.989341297279244,2.3712265530025247,2.4156010117475515,1.527935064209953,0.6204605424136203,0.0648751165275422,1.4892322009405563,1.4892322009405563,0.1836678980928023,2.2013915043135315,SBdisk+SBbul,,
UGC05986,1.0,standard_1Rd,0.1747769885685193,strong_bridge,0.8260664639948048,1.956790716855033,2.3712265530025247,2.4173683545802898,1.56721965088908,0.6494239079039263,0.0602963642743647,1.824051800850658,1.824051800850658,0.1125376399908374,3.70933002129342,SBdisk+SBbul,,
UGC05999,0.5,short_0p5Rd,0.0517236828454416,strong_bridge,0.5026690141819632,1.3986067184780686,1.4748936498538658,1.977307408740704,1.765881423959948,0.1538261940529915,0.0165220226475354,3.0678430717041034,1.5339215358520517,0.0199973766330732,1.4626245413705754,SBdisk+SBbul,,
UGC06399,0.5,short_0p5Rd,0.1428491464158061,strong_bridge,0.6800868327283434,1.7048298732891207,1.4917365766390025,2.2592204880089217,1.69600251959926,0.3558792565107209,0.0278529076829575,2.12889327862096,1.0644466393104797,0.0537619739371913,2.094363846387117,SBdisk+SBbul,,
UGC06446,1.0,standard_1Rd,0.0043482132181647,strong_bridge,0.5559856405764849,1.490631215635013,1.4841776945653984,2.1127525112151333,2.016338045107995,0.3467005874140476,0.0134116002032654,0.8619571414034094,0.8619571414034094,0.041676456615292,4.831084610877505,SBdisk+SBbul,,
UGC06614,1.0,standard_1Rd,0.090967291201185,strong_bridge,0.4604572310931751,1.3257491808668205,1.458417467308354,1.8765085248826816,2.2610824216214414,0.2525136107761697,0.0113022946886118,3.4287236431686168,3.4287236431686168,0.0254458818894807,5.601246760977842,SBdisk+SBbul,,
UGC06628,0.5,short_0p5Rd,0.0488340667834896,strong_bridge,0.5709781070379969,1.5165082127475826,1.5943676700229186,2.0916607432680463,2.395984004360788,0.2413083826222328,0.0214434276665513,1.8990144478385231,0.9495072239192616,0.0384752922495916,1.538130158795431,SBdisk+SBbul,,
UGC06667,2.0,extended_1p5_2Rd,0.2313851845421675,moderate_bridge,0.8694975717143119,2.031752808778902,2.6433953235323338,2.4324404101532644,3.235313904462483,0.8000861765724697,0.076920662515983,3.163901619738939,6.327803239477878,0.4321947595872165,1.7837616198264648,SBdisk+SBbul,,
UGC06786,0.5,short_0p5Rd,0.1313932628418167,strong_bridge,0.419714203090112,1.2554267145335332,1.4453338442215025,1.6767298886001076,2.4957722247734218,0.0008123474394083,0.0143058540376455,0.2838956235300502,0.1419478117650251,0.0187735306653452,6.453062311867231,SBdisk+SBbul,,
UGC06787,0.5,short_0p5Rd,0.0064034882080604,strong_bridge,0.5358308144562645,1.4558439857515126,1.4652265466652206,2.072074852299618,2.0144438911053104,9.050394874449837e-05,0.0599930200763302,0.240428379805877,0.1202141899029385,0.0222007350360235,7.103363309991255,SBdisk+SBbul,,
UGC06818,0.5,short_0p5Rd,0.0509007600812331,strong_bridge,0.4832337832591284,1.3650615099052557,1.4382705753953515,1.901188066801721,2.3449520513309445,0.2140736807566622,0.0117063980856087,1.195089911722372,0.5975449558611861,0.0230453377217329,1.9450040144587737,SBdisk+SBbul,,
UGC06917,0.5,short_0p5Rd,0.0014703484017694,strong_bridge,0.5478133625297383,1.4765258637263283,1.4787000680080202,2.044741123718969,2.370392531599,0.2241226383444976,0.0192458702101283,2.352568717994199,1.1762843589970997,0.0312816584246944,1.5241519156238272,SBdisk+SBbul,,
UGC06923,0.5,short_0p5Rd,0.0626836310224968,strong_bridge,0.4773198420427971,1.3548540473658677,1.4454607773934929,1.9044771586780769,2.294872106056138,0.17094093404747,0.0151680123470703,0.9999271688813448,0.4999635844406724,0.022554347769836,1.3325840886790064,SBdisk+SBbul,,
UGC06930,0.5,short_0p5Rd,0.0345674133968302,strong_bridge,0.5166035401483984,1.4226577102961355,1.473596116432833,2.02640970713997,1.8988307764926489,0.2525915500345168,0.0126534890199187,2.733112010331069,1.3665560051655343,0.024186143907379,2.286049887605194,SBdisk+SBbul,,
UGC06973,1.5,extended_1p5_2Rd,0.0266543180865003,strong_bridge,0.5397485352045539,1.4626059717630602,1.5026583041779402,2.0067052495205933,2.4233676012426435,0.1946870775429467,0.0148225736536054,0.4729918371603046,0.709487755740457,0.0162157714088969,2.153213743566856,SBdisk+SBbul,,
UGC06983,1.0,standard_1Rd,0.0323893912271661,strong_bridge,0.5809587689278954,1.5337348351695477,1.485616617337039,2.1564790700816623,1.9489312800682703,0.3166964259165706,0.0167203897308689,1.297251963138998,1.297251963138998,0.0246462063947481,3.2163175430946978,SBdisk+SBbul,,
UGC07089,0.5,short_0p5Rd,0.2330150895688553,moderate_bridge,0.6489677055606609,1.6511182597977003,2.152738909647595,2.247258950762687,2.5004563938811786,0.3705172051709535,0.0267963836458097,2.5263599745508043,1.263179987275402,0.05942416025178,2.128386254785296,SBdisk+SBbul,,
UGC07125,0.5,short_0p5Rd,0.0988386897434697,strong_bridge,0.4639145494472025,1.3317165123458716,1.477778170444065,1.728996631617498,2.5955529699817776,0.1653060263335711,0.0052284961519849,1.6548106710695916,0.8274053355347958,0.0104282496098321,2.7045896209694766,SBdisk+SBbul,,
UGC07151,0.5,short_0p5Rd,0.1090553215628541,strong_bridge,0.4324238203844301,1.2773635139835269,1.433718102704445,1.8232823095146595,2.228560955103866,0.1753880861421227,0.0115977140192833,0.9494701888971004,0.4747350944485502,0.0279258580403819,2.308284611983419,SBdisk+SBbul,,
UGC07232,0.5,short_0p5Rd,0.0004148167261335,strong_bridge,0.6356653578143345,1.6281584075875415,1.6288340752060333,2.2117511872239133,2.506561766694769,0.2312940576719739,0.0347041308677242,0.2618622212286277,0.1309311106143138,0.0485556106385336,1.4522738154261836,SBdisk+SBbul,,
UGC07261,0.5,short_0p5Rd,0.048746291890746,strong_bridge,0.5893964722702929,1.5482983111385256,1.4763325726255063,2.163772598130293,1.894377442237429,0.2631787391360417,0.0183090511519938,1.197813037500163,0.5989065187500815,0.0237262113290962,1.8421645031273743,SBdisk+SBbul,,
UGC07323,2.0,extended_1p5_2Rd,0.2533041703214814,moderate_bridge,0.8283013068900749,1.9606480556922687,2.625765375623437,2.431653868722086,3.075080550188828,0.7868469544539742,0.0756138630213318,1.8876420473792432,3.775284094758488,0.3647886244100339,2.4677250149480074,SBdisk+SBbul,,
UGC07399,1.0,standard_1Rd,0.1078787269883864,strong_bridge,0.4392713157344916,1.2891822909577326,1.44507515957525,1.83054279912192,2.255004807443473,0.193458220616461,0.0103660172268614,0.5035109631195162,0.5035109631195162,0.0259049644774162,3.167398549986546,SBdisk+SBbul,,
UGC07524,0.5,short_0p5Rd,0.061858148444756,strong_bridge,0.4933037016888266,1.3824421891149148,1.473596116432833,1.954160197341388,1.738471889538925,0.2117659223737259,0.0141439886772918,1.879484507468484,0.939742253734242,0.0449859538337277,3.39096374842602,SBdisk+SBbul,,
UGC07559,0.5,short_0p5Rd,0.0390209116607027,strong_bridge,0.6142829405860972,1.591252355451604,1.531492136099793,2.166853640837312,1.744844080720531,0.285468959738603,0.0215073572428508,0.5787972777325026,0.2893986388662513,0.0360316785207119,1.817391876723772,SBdisk+SBbul,,
UGC07577,0.5,short_0p5Rd,0.113336074004245,strong_bridge,0.8086422660276416,1.9267165511637088,2.1729953082279043,2.379205212323809,1.5527198574157353,0.4844546924356442,0.050792859894011,0.7390712751783938,0.3695356375891969,0.1078700549760816,1.5737918542297884,SBdisk+SBbul,,
UGC07603,0.5,short_0p5Rd,0.0606292531863391,strong_bridge,0.4734497001790574,1.348174182509053,1.435188595218715,1.944983647126812,2.04080268736736,0.2751453900594049,0.0085193076046893,0.5667311904866911,0.2833655952433455,0.0225251024951511,2.919265908211087,SBdisk+SBbul,,
UGC07608,0.5,short_0p5Rd,0.1206061979297792,strong_bridge,0.4288118474944615,1.2711292487754406,1.4454607773934929,1.8120265804603688,2.239072998968926,0.1652246258067167,0.0118450091515638,0.8451622592414857,0.4225811296207428,0.0227121648610894,1.6583187815383515,SBdisk+SBbul,,
UGC07690,1.0,standard_1Rd,0.0555111203760661,strong_bridge,0.6008602898115409,1.5680848602147195,1.485616617337039,2.196500279704125,1.957286622661956,0.3264943636810175,0.0196512261227741,0.4097319788711192,0.4097319788711192,0.0287230117369675,2.671176333036805,SBdisk+SBbul,,
UGC07866,0.5,short_0p5Rd,0.0169288850935809,strong_bridge,0.5619624906228977,1.5009472588151214,1.4759608865638618,2.072913834928626,2.387326352904086,0.2508996631877052,0.0194032590706175,0.5327118411821293,0.2663559205910646,0.0353217182760332,1.7136429864111793,SBdisk+SBbul,,
UGC08286,0.5,short_0p5Rd,0.0222977389288246,strong_bridge,0.5799486157913512,1.5319913108558725,1.4985764445308374,2.0930370240648744,2.4542642529247845,0.3513545196383001,0.0125351337539514,1.393080248848733,0.6965401244243665,0.0395499452630521,3.38947621620398,SBdisk+SBbul,,
UGC08490,1.0,standard_1Rd,0.2700364434045174,moderate_bridge,0.6024974129683294,1.5709105347833363,2.1520396745694987,2.091405511331582,2.5900262314758646,0.4505884296402308,0.004719065624823,0.5484003257412214,0.5484003257412214,0.0361060578940135,6.668039957975478,SBdisk+SBbul,,
UGC08550,0.5,short_0p5Rd,0.0470722724791204,strong_bridge,0.521428811734312,1.4309861290534225,1.501673303993632,2.004685123301458,2.29856450829229,0.3347507559418562,0.0072858963273973,0.6682139026727986,0.3341069513363993,0.0176866099574014,2.725831917297501,SBdisk+SBbul,,
UGC08699,1.5,extended_1p5_2Rd,0.2899511409083681,moderate_bridge,0.2661667540023864,0.990403817408119,1.3948389673847883,1.2919529781639465,2.497903760457188,0.0853369581491046,0.000685262663481,0.2801727563443014,0.4202591345164521,0.0378774755272494,8.916840354307936,SBdisk+SBbul,,
UGC08837,2.0,extended_1p5_2Rd,0.2633728349541495,moderate_bridge,0.8135736777242544,1.9352281677520629,2.6271474357473728,2.4323579726207334,3.0120772332034407,0.7991643170406574,0.0760130691404589,1.483114732054665,2.96622946410933,0.3774408718409644,2.367515012066785,SBdisk+SBbul,,
UGC09037,1.5,extended_1p5_2Rd,0.199074030206982,strong_bridge,0.6991483330933366,1.737730022919099,2.169651239262697,2.364428034156861,2.5268636403853177,0.5505380798587012,0.0368829098046615,2.8991480752546,4.348722112881899,0.0775478877064581,4.643737181482963,SBdisk+SBbul,,
UGC09133,0.5,short_0p5Rd,0.0070018115159482,strong_bridge,0.5353228890830284,1.454967306557307,1.4652265466652206,2.0710517402963693,2.014447491301286,8.332071947509583e-06,0.0597598587834832,0.5994179497042673,0.2997089748521336,0.0205945037384674,6.852841672320769,SBdisk+SBbul,,
UGC09992,1.0,standard_1Rd,0.0054379643788625,strong_bridge,0.6392418703968197,1.6343314683049108,1.6432674984262956,2.2120029226624416,2.529562168016608,0.2860603030123741,0.0294684289398925,0.5651000231515357,0.5651000231515357,0.0454372336429403,1.9074506400701576,SBdisk+SBbul,,
UGC10310,0.5,short_0p5Rd,0.0534014910385659,strong_bridge,0.6270429314492239,1.6132760996813604,1.531492136099793,2.180869746725393,1.723840576821523,0.2910741616786833,0.022968572954485,1.84186503968649,0.920932519843245,0.0384921699755137,1.8065343461889856,SBdisk+SBbul,,
UGC11455,0.5,short_0p5Rd,0.0654735673330558,strong_bridge,0.524484948015485,1.436261020274727,1.5368864593545382,2.03424673953198,2.19782226562857,0.3058058035628247,0.0090069120506922,5.469890060328277,2.7349450301641385,0.0507448950146301,5.678214893029932,SBdisk+SBbul,,
UGC11557,0.5,short_0p5Rd,0.0450402197050814,strong_bridge,0.5982208931438966,1.5635292615663654,1.4961426671287403,2.1582015520804374,2.391696296312026,0.3408066394540749,0.0178727201720592,2.228396068711112,1.114198034355556,0.0607265575454985,3.462572896100318,SBdisk+SBbul,,
UGC11820,1.0,standard_1Rd,0.105020505024414,strong_bridge,0.4892710702363505,1.375481867227941,1.5368864593545382,1.952951452305506,2.215758346409346,0.2827546662916454,0.0083036612666731,0.980087979425671,0.980087979425671,0.0492806818551316,5.850372245288725,SBdisk+SBbul,,
UGC11914,1.5,extended_1p5_2Rd,0.0098515970855769,strong_bridge,0.5760957161035813,1.5253412059947813,1.51046075522077,2.120623584362239,2.3386338156228024,0.3214267334979407,0.0171820898675134,0.677505718916379,1.0162585783745686,0.0705158444563725,6.564319929282574,SBdisk+SBbul,,
UGC12506,0.5,short_0p5Rd,0.0422409313997342,strong_bridge,0.4846201501442579,1.3674543791489893,1.4277644806302696,1.964371729321668,1.884751828263492,0.2514010504502108,0.0125994781642179,6.693061858430176,3.346530929215088,0.0496381335687413,5.185522632636911,SBdisk+SBbul,,
UGC12632,0.5,short_0p5Rd,0.0221798642422657,strong_bridge,0.5271795797348915,1.4409119546224227,1.473596116432833,2.0306992414548453,1.807956940428547,0.2682672387841833,0.0137507260722399,1.9103674317216777,0.9551837158608388,0.0365802238225798,2.916326865376865,SBdisk+SBbul,,
UGC12732,0.5,short_0p5Rd,0.1286854776416823,strong_bridge,0.4123168005676392,1.2426587977797454,1.4261885529192602,1.8133484119679448,2.08626714347435,0.2244936864441013,0.0058545590427093,1.802068690707102,0.901034345353551,0.0213651735788296,3.4660264037131325,SBdisk+SBbul,,
UGCA281,0.5,short_0p5Rd,0.2525930431519521,moderate_bridge,0.7072337960136399,1.7516855319195423,2.3436837399891504,2.3442255747042178,2.635520943680188,0.4629011428614919,0.0392345138035883,0.3890760501780758,0.1945380250890379,0.091173171077766,1.896724318216073,SBdisk+SBbul,,
UGCA442,0.5,short_0p5Rd,0.0184973454553465,strong_bridge,0.5690014954357623,1.5130965811221255,1.485616617337039,2.111086915553477,1.82694084805898,0.3140850572768242,0.0163927608695739,1.211538117344378,0.605769058672189,0.0418272581049856,2.928099821303293,SBdisk+SBbul,,
UGCA444,0.5,short_0p5Rd,0.1802315183922434,strong_bridge,0.723241095557666,1.7793141309325318,2.170508101803186,2.323147481794036,1.6787174455768965,0.4423277961695768,0.0338719680179642,0.808708266758908,0.404354133379454,0.0848542131712918,2.489765920487036,SBdisk+SBbul,,
