name,theta_E_obs_arcsec,theta_E_BuP_arcsec,log_residual_BuP,Re_arcsec,sersic_n,logMs,Mstar_rel,J_spectral_over_h0,density_pearson,density_rmse,theta_E_baryon_arcsec,log_residual_baryon,name_key,sersic_n_measured,sersic_n_final,n_source,delta_kOR,C_obs,Re_arcsec_used,sersic_n_used,q_used,xi_used,S1_sum,S1_std,S1_phi_rms,S1_phi_abs_mean,S1_phi_std,S1_phi_inner_mean,S1_phi_mid_mean,S1_phi_outer_mean,S1_phi_inner_minus_outer,S1_grad_rms,S1_grad_abs_mean,S1_force_inner_mean,S1_force_outer_mean,S1_force_inner_minus_outer,S2_sum,S2_std,S2_phi_rms,S2_phi_abs_mean,S2_phi_std,S2_phi_inner_mean,S2_phi_mid_mean,S2_phi_outer_mean,S2_phi_inner_minus_outer,S2_grad_rms,S2_grad_abs_mean,S2_force_inner_mean,S2_force_outer_mean,S2_force_inner_minus_outer,S3_sum,S3_std,S3_phi_rms,S3_phi_abs_mean,S3_phi_std,S3_phi_inner_mean,S3_phi_mid_mean,S3_phi_outer_mean,S3_phi_inner_minus_outer,S3_grad_rms,S3_grad_abs_mean,S3_force_inner_mean,S3_force_outer_mean,S3_force_inner_minus_outer
J0008-0004,37.469,12.530029500170716,-1.0953858011639404,9.723,4.0,11.640000343322754,4.365161773191001,1.7892131127149076,0.999996658127392,0.0017882201169334,12.523939173861114,-1.095871977746086,J0008-0004,4.15,4.15,measured,0.0091153906227673,1.095871977746139,9.723,4.15,1.0,3.40305,0.0009236831501179591,1.0544406801201316e-05,9.435946969160536e-06,5.288909616119651e-06,9.435946969160536e-06,1.9284758523074326e-06,-4.629970389054436e-06,-3.083933020175298e-06,5.0124088724827305e-06,6.932449332458793e-05,2.870734727679403e-05,4.297514449888069e-05,1.3769587196694748e-07,4.2837448626913745e-05,0.442454138330515,0.003153000818674629,0.0025186469423975387,0.0019611613623159705,0.0025186469423975387,0.0009750625014250076,-0.0023106906111263602,-0.0015895593945736692,0.0025646218959986767,0.003945343110759208,0.002259100672487692,0.003344623449884335,6.578719300639297e-05,0.0032788362568779423,0.942454138330515,0.005761771184976481,0.004633351977444857,0.0037392111184687132,0.004633351977444857,0.002205326131561467,-0.005163811668042126,-0.003657492858203742,0.00586281898976521,0.0073130708520031855,0.004103397061210192,0.006057880339148855,0.00013975394569467475,0.00591812639345418
J0029-0055,12.661,11.693642341411865,-0.0794810980469624,7.858,4.0,11.579999923706056,3.801893295314423,1.789213112714907,0.9999966581273918,0.001788220116933,11.688564260099072,-0.079915452381365,J0029-0055,3.1500000000000004,3.1500000000000004,measured,0.0083253380787237,0.07991545238137132,7.858,3.1500000000000004,1.0,2.7502999999999997,0.0005688735922178132,5.89002594079383e-06,5.367216152967283e-06,3.1924513741962456e-06,5.367216152967283e-06,1.2691336921012207e-06,-3.0646838986544133e-06,-2.0118508697504692e-06,3.2809845618516897e-06,4.660334856910309e-05,1.944215170922934e-05,2.909820278470858e-05,1.0593787029604343e-07,2.8992264914412536e-05,0.4361146810606555,0.0028704679585570144,0.00238759999491293,0.001909789625108781,0.00238759999491293,0.0010085946692370768,-0.0024201226587934983,-0.001614256018154809,0.002622850687391886,0.0040264708950668825,0.002370664306663423,0.0035022357675224707,8.141766930545734e-05,0.0034208180982170135,0.9361146810606554,0.00539311580748757,0.004538242981703752,0.0037570904682629664,0.004538242981703752,0.0022658343783278382,-0.005385771109869717,-0.0036775664034416383,0.005943400781769477,0.007719755394248245,0.004424871535197252,0.006518504859722623,0.00017440843533004607,0.006344096424392576
J0037-0942,16.012,13.897830735859442,-0.1416056753410242,5.823,4.0,11.729999542236328,5.3703123031766005,1.7892131127149071,0.9999966581273918,0.0017882201169332,13.907776363968216,-0.1408903067826461,J0037-0942,5.133333333333334,5.133333333333334,measured,0.0090854748207059,0.1408903067826559,5.823,5.133333333333334,1.0,2.03805,0.0012163233266472456,1.4620479951779489e-05,1.2919368674134042e-05,7.044450813704502e-06,1.2919368674134042e-05,2.413806466015932e-06,-5.756422754881674e-06,-3.898803109182055e-06,6.312609575197987e-06,0.00016256121276545557,6.728261301080677e-05,0.00010073271891189045,2.9972053088889274e-07,0.00010043299838100156,0.8525270414205834,0.006357899755601198,0.004942237217386299,0.003834553683487068,0.004942237217386299,0.0018151534988753663,-0.004261386430800839,-0.002999227564700623,0.0048143810635759895,0.013842358387773852,0.007817954517380337,0.01158476883152729,0.00020936849663769059,0.0113754003348896,1.3525270414205832,0.009005764417417999,0.006993998177791066,0.005475729240288392,0.006993998177791066,0.0030251329453248243,-0.007035713029323414,-0.0050648187519758804,0.008089951697300705,0.019713845725615003,0.011091426169202084,0.016405553476571678,0.0003315017808740835,0.016074051695697596
J0044+0113,3.721,10.302586251892478,1.0184025067692537,4.154,4.0,11.470000267028809,2.951211041237279,1.7892131127149071,0.9999966581273918,0.0017882201169329,10.31001658234329,1.0191234570376306,J0044+0113,3.75,3.75,measured,0.0089574523705581,-1.0191234570378025,4.154,3.75,1.0,1.4539,0.0007878819495301648,8.719562831975173e-06,7.852859745115178e-06,4.486369613141952e-06,7.852859745115178e-06,1.685940589602328e-06,-4.059153028838317e-06,-2.6846093295709976e-06,4.370549919173326e-06,0.00013302825483835798,5.5183328287261914e-05,8.260440228285487e-05,2.7612436523334526e-07,8.232827791762152e-05,0.9568719043122151,0.006641561403543701,0.005380942703892828,0.004235424372151065,0.005380942703892828,0.00214579654181466,-0.005108327044407826,-0.0034748591228508114,0.0056206556646654715,0.018777973218842746,0.01085600346906246,0.016061267399954372,0.0003348044289835566,0.015726462970970814,1.4568719043122151,0.009188149995083711,0.007464936035377245,0.005937832550962215,0.0074649360353772455,0.003385989968439298,-0.008001614034696524,-0.005542345839060661,0.008928335807499958,0.0260653843735338,0.015020925030233423,0.022184642636948356,0.0005089209026051119,0.021675721734343244
J0157-0056,30.258,14.058904628550357,-0.7665046359059735,11.385,4.0,11.739999771118164,5.495405842387226,1.7892131127149071,0.9999966581273916,0.0017882201169332,14.05190646156213,-0.7670025345336837,J0157-0056,3.0,3.0,measured,0.0080455196108306,0.767002534533722,11.385,3.0,1.0,3.9847499999999996,0.0005123267362905809,5.185976298413416e-06,4.742393460668283e-06,2.8599591938336285e-06,4.742393460668283e-06,1.1558952395344837e-06,-2.7910323490507843e-06,-1.8325486090871498e-06,2.9884438486216335e-06,2.8142088079290226e-05,1.1769691452330709e-05,1.7613977258423723e-05,6.587053154338496e-08,1.7548106726880336e-05,0.28787327582283573,0.0018629140335967786,0.001561733183522758,0.0012538333756267263,0.001561733183522758,0.0006716028352451247,-0.0016150403125417853,-0.0010713710284387132,0.0017429738636838379,0.0017668539103286986,0.0010462454533548212,0.0015448400191974815,3.7188153642142436e-05,0.001507651865555339,0.7878732758228357,0.00438610477589499,0.003740037597078134,0.0031450641791183156,0.003740037597078134,0.001933525172633871,-0.004601544514543116,-0.0031325561759923647,0.005066081348626236,0.004306711621693843,0.0024344257838774266,0.0035823293752787087,0.00010156060158929453,0.003480768773689414
J0216-0813,26.386,19.63126136425356,-0.2957103032710333,11.452,4.0,12.029999732971191,10.715186464071412,1.7892131127149071,0.9999966581273916,0.0017882201169331,19.62380774334562,-0.2960900565700064,J0216-0813,5.8,5.8,measured,0.0088751325492219,0.29609005657001947,11.452,5.8,1.0,4.0081999999999995,0.0013830922489985037,1.7013169288420892e-05,1.4931050638787119e-05,8.112708027085842e-06,1.4931050638787119e-05,2.6692116372959118e-06,-6.340514851811356e-06,-4.336331697372301e-06,7.005543334668213e-06,9.662010212645038e-05,3.998246106481578e-05,5.986237621408689e-05,1.7229923498605173e-07,5.969007697910084e-05,0.4663748951110206,0.0035545335549840625,0.0027241327932075675,0.002106768616643945,0.0027241327932075675,0.0009748008734234216,-0.00227680594002934,-0.0016223975536643464,0.002597198427087768,0.004036713683834207,0.002264661302135177,0.0033573440006494327,5.7896404732263847e-05,0.003299447595917169,0.9663748951110207,0.006264822441836683,0.004803654143202051,0.0037606160271688553,0.004803654143202051,0.0021737142899014286,-0.00500957927616598,-0.0036852778834397344,0.005858992173341163,0.007224123626134765,0.003981941616315868,0.0058876481874495235,0.00011963099751570282,0.005768017189933821
J0252+0039,18.674,10.18469663106502,-0.6062459186817049,5.899,4.0,11.460000038146973,2.8840317564502844,1.7892131127149071,0.9999966581273916,0.0017882201169332,10.180890605901787,-0.6066196889210067,J0252+0039,3.35,3.35,measured,0.0085885603812838,0.6066196889210514,5.899,3.35,1.0,2.06465,0.0006434854976667173,6.83656162699827e-06,6.2031165778466326e-06,3.6324962956631215e-06,6.2031165778466326e-06,1.4148933205820968e-06,-3.4145789569599397e-06,-2.2449943253684493e-06,3.659887645950546e-06,7.258986239369451e-05,3.020839945891711e-05,4.521474882556489e-05,1.5942574616732804e-07,4.505532307939756e-05,0.6134658221990704,0.004119491909474004,0.0033938434074835856,0.0027003371506542626,0.0033938434074835856,0.001403261328896608,-0.003357773698123492,-0.002255271617462941,0.003658532946359549,0.007889841974338233,0.00461340525232849,0.006819487648787192,0.0001520643452914532,0.006667423303495739,1.1134658221990705,0.00664780006944946,0.005517412812892888,0.004498758768877817,0.005517412812892887,0.0026545199599712493,-0.0062974556617256304,-0.004320624178159369,0.006975144138130618,0.012870521598712048,0.007420739318611701,0.010943591789545083,0.00027548230942971386,0.01066810948011537
J0330-0020,26.972,11.69357844405934,-0.8357594506774846,4.504,4.0,11.579999923706056,3.801893295314423,1.7892131127149071,0.999996658127392,0.0017882201169328,11.702021527490963,-0.8350376838659108,J0330-0020,2.85,2.85,measured,0.0077416824833234,0.8350376838659594,4.504,2.85,1.0,1.5763999999999998,0.00045567637014949804,4.4930033056570795e-06,4.124702644419453e-06,2.527965154377944e-06,4.124702644419453e-06,1.0399139962196616e-06,-2.5088484974724213e-06,-1.6508074874062271e-06,2.6907214836258888e-06,6.119228222846302e-05,2.5722599628859985e-05,3.8492060732691035e-05,1.4799630365822267e-07,3.834406442903281e-05,0.6920615509507706,0.004393742272007748,0.0037148062703980522,0.0029939879322109617,0.0037148062703980522,0.0016295808733961198,-0.0039276531786146245,-0.0025906703149698547,0.004220251188365974,0.01018866724068347,0.006079328398090057,0.008969609066750567,0.00022658419957966483,0.008743024867170901,1.1920615509507708,0.0068708356972153415,0.005859712064390787,0.004844665229962378,0.005859712064390787,0.00289634922062346,-0.006936307790200877,-0.004649089092292962,0.007545438312916422,0.01617336261741739,0.009508525477736856,0.014000519837529375,0.00038981253878162745,0.013610707298747748
J0728+3835,14.216,13.272352005935884,-0.0686850158674614,6.011,4.0,11.6899995803833,4.897783461428336,1.7892131127149071,0.9999966581273916,0.0017882201169332,13.281699722793045,-0.0679809638200539,J0728+3835,3.1500000000000004,3.1500000000000004,measured,0.0083253380787269,0.06798096382005872,6.011,3.1500000000000004,1.0,2.10385,0.0005688735922178143,5.890025940793848e-06,5.367216152967302e-06,3.192451374196252e-06,5.367216152967302e-06,1.2691336921012262e-06,-3.064683898654432e-06,-2.0118508697504718e-06,3.280984561851698e-06,6.092315971652188e-05,2.5416141761957156e-05,3.803920769959082e-05,1.3848940023062906e-07,3.790071829936019e-05,0.5699448434952263,0.0037511786106638866,0.003120154779136614,0.0024959726638235217,0.003120154779136614,0.001318115591571396,-0.0031628120748026243,-0.0021096502914829595,0.0034277658830543555,0.006867391966902542,0.004044080009824697,0.0059742715372084745,0.00013909656849506923,0.005835174968713405,1.0699448434952261,0.00626374018261158,0.0052570464628208385,0.004322872294523703,0.0052570464628208385,0.0025753553006622066,-0.006128460525878931,-0.004172960676769896,0.006748315977432103,0.011630607132912422,0.006729483503722169,0.00991734964842243,0.0002606606076601353,0.009656689040762294
J0737+3216,21.785,18.1112446823946,-0.1846886610245066,8.415,4.0,11.960000038146973,9.120109194638909,1.7892131127149076,0.9999966581273916,0.001788220116933,18.123959516387348,-0.1839868664688668,J0737+3216,4.566666666666666,4.566666666666666,measured,0.0091639613174173,0.18398686646887627,8.415,4.566666666666666,1.0,2.9452499999999997,0.0010548502956408484,1.2349511042669652e-05,1.0987418912664218e-05,6.066872820675766e-06,1.0987418912664218e-05,2.1520875124548395e-06,-5.151582828401183e-06,-3.4567672214181773e-06,5.608854733873017e-06,9.443189246132334e-05,3.9092336446720586e-05,5.852455675694441e-05,1.8087761337343675e-07,5.834367914357098e-05,0.5470451025939702,0.003984688245747569,0.003142962322331186,0.002442653858322865,0.0031429623223311865,0.0011865727968120372,-0.0027999534229139963,-0.0019463377643341511,0.0031329105611461886,0.005886325178882428,0.00334563414692326,0.004955469843420835,9.351500267194567e-05,0.004861954840748889,1.0470451025939704,0.006614547825564422,0.005233914764905232,0.00414733710765789,0.005233914764905232,0.0024075837728325883,-0.0056166546362122335,-0.004013680455118115,0.006421264227950703,0.009876482509629046,0.0055433481155036214,0.008190382598246558,0.00017853883032369536,0.008011843767922862
J0819+4534,8.795,9.504888129156264,0.0776228279978816,6.379,4.0,11.399999618530272,2.511884225153631,1.789213112714907,0.9999966581273916,0.0017882201169331,9.500781009690517,0.0771906285841512,J0819+4534,,4.0,default_4,0.009080097432055,-0.07719062858415984,6.379,4.0,1.0,2.2326499999999996,0.0008738617770436589,9.869365646423365e-06,8.852081399848666e-06,4.994765024573168e-06,8.852081399848666e-06,1.8408350224401763e-06,-4.424320980489592e-06,-2.9390191092711097e-06,4.779854131711286e-06,9.861167080167376e-05,4.0853422987462456e-05,6.115654635865552e-05,1.988882045486129e-07,6.095765815410691e-05,0.6555757613038121,0.004628722841400635,0.0037161728062440978,0.0029053980582376166,0.0037161728062440978,0.0014538454970716506,-0.0034509858477811575,-0.002364396140505449,0.0038182416375770996,0.008708853023421082,0.005004153800083724,0.007406828060176524,0.0001488627439062121,0.007257965316270312,1.1555757613038125,0.007209376260668349,0.005811484505784314,0.004635469446211879,0.005811484505784314,0.002687706140235774,-0.006318516136188203,-0.004432308424754896,0.00712001456499067,0.013669635363422073,0.007779979873165351,0.011489608334840971,0.00026183464962508014,0.011227773685215891
J0822+2652,16.934,13.27234315362485,-0.2436410272092062,6.926,4.0,11.6899995803833,4.897783461428336,1.7892131127149076,0.999996658127392,0.0017882201169334,13.26801455856834,-0.2439672168666202,J0822+2652,3.85,3.85,measured,0.009010033581788,0.24396721686663672,6.926,3.85,1.0,2.4240999999999997,0.0008227034555148145,9.18282777016704e-06,8.256178031986704e-06,4.692345771675284e-06,8.256178031986704e-06,1.7492378597872336e-06,-4.208645608643068e-06,-2.7883058305058682e-06,4.537543690293101e-06,8.422817107649586e-05,3.4920098686272896e-05,5.227318724704084e-05,1.727422999195076e-07,5.2100444947121336e-05,0.5863087972841946,0.004098861806065337,0.003308441310630005,0.002596737457578207,0.003308441310630005,0.0013087900005550842,-0.003112040485958384,-0.002123119516261953,0.0034319095168170374,0.007027819584668156,0.004051835819196689,0.005995894608432306,0.00012286834708957699,0.0058730262613427295,1.0863087972841943,0.006672015045997672,0.005415079793551598,0.004356353013911002,0.005415079793551598,0.002546398348611606,-0.005994750475022933,-0.004190842919423487,0.006737241268035093,0.01155015955257134,0.006573968224742443,0.009704638821145568,0.00022714180950313516,0.009477497011642433
J0841+3824,6.218,12.675044145686796,0.7121867207289594,8.844,4.0,11.649999618530272,4.466831997992276,1.7892131127149071,0.999996658127392,0.001788220116933,12.669370534721166,0.7117389999090513,J0841+3824,4.05,4.05,measured,0.0091004436738303,-0.7117389999091329,8.844,4.05,1.0,3.0953999999999997,0.0008906195156112847,1.0095728233227062e-05,9.048095829593349e-06,5.093751488483391e-06,9.048095829593349e-06,1.8704838452780245e-06,-4.493969139341063e-06,-2.9879662417710353e-06,4.85845008704906e-06,7.283184838377798e-05,3.0166642088489425e-05,4.51590523721935e-05,1.4612409062617996e-07,4.5012928281567325e-05,0.4775676305245489,0.0033827300456374,0.0027111806423117586,0.0021165945051079948,0.0027111806423117586,0.001056815503760625,-0.002507169596657681,-0.0017200924183848193,0.0027769079221454445,0.004618609004099883,0.002650334383189608,0.003923268712483051,7.816589926319776e-05,0.003845102813219853,0.9775676305245489,0.005980447256498912,0.004823903477805565,0.0038907358965302335,0.004823903477805566,0.0022894606972519616,-0.0053698139847641055,-0.003788028804243739,0.006077489501495701,0.008271490432869635,0.004661131574864512,0.006881043157355757,0.00015959391773369137,0.006721449239622065
J0903+4116,40.562,15.774254236515423,-0.9444525354449178,9.986,4.0,11.84000015258789,6.918312139914402,1.7892131127149076,0.9999966581273918,0.0017882201169334,15.767724165688126,-0.9448665913317952,J0903+4116,,4.0,default_4,0.0090800974320563,0.9448665913318339,9.986,4.0,1.0,3.4951,0.00087386177704366,9.86936564642339e-06,8.852081399848702e-06,4.994765024573178e-06,8.852081399848702e-06,1.8408350224401713e-06,-4.4243209804895796e-06,-2.9390191092711034e-06,4.779854131711274e-06,6.299257440855991e-05,2.609693423162666e-05,3.906645395772729e-05,1.2704865379687526e-07,3.893940530393042e-05,0.41909371127446543,0.0029593816431456583,0.002375954313736935,0.0018571482760565154,0.002375954313736935,0.0009293731541904645,-0.0022060682203857928,-0.0015114243963760664,0.002440797550566531,0.0035704004101660895,0.0020507897383797518,0.003035594031665414,6.079055001602709e-05,0.0029748034816493873,0.9190937112744656,0.005558746671678029,0.004498145842126838,0.003649801128807756,0.004498145842126838,0.0021632337973545067,-0.005073598508792687,-0.0035793366806253436,0.005742570477979851,0.0068106162659566155,0.0038239716450680326,0.005643650848417543,0.00013295636080920333,0.005510694487608339
J0912+0029,12.89,18.11130150197408,0.3400843188431066,11.286,4.0,11.960000038146973,9.120109194638909,1.7892131127149076,0.9999966581273916,0.001788220116933,18.10393876936026,0.3396777092135639,J0912+0029,4.966666666666666,4.966666666666666,measured,0.0091229702730837,-0.33967770921358653,11.286,4.966666666666666,1.0,3.9500999999999995,0.0011708023683458233,1.3975323201090336e-05,1.2372763657591142e-05,6.769309266350789e-06,1.2372763657591142e-05,2.341494603014241e-06,-5.589928874468998e-06,-3.7760495375879666e-06,6.117544140602208e-06,8.004842166090262e-05,3.313302115730936e-05,4.960475821930265e-05,1.4908848416759023e-07,4.945566973513506e-05,0.4314124597748386,0.003197699428195507,0.002495724253701335,0.001936749255407588,0.002495724253701335,0.000923206825113845,-0.0021705185625408,-0.0015223087379145788,0.002445515563028424,0.00359395818790562,0.0020322652374141735,0.003011308382545008,5.475413127580888e-05,0.002956554251269199,0.9314124597748388,0.005864345650182801,0.00459396171509956,0.003650218175363429,0.00459396171509956,0.0021362611349461927,-0.0049565533154685305,-0.0035884912243162375,0.00572475235926243,0.006692422806926263,0.0037097178898889203,0.005481393939481294,0.0001178736536617029,0.005363520285819591
J0935-0003,20.926,18.11126926009622,-0.144458049373878,10.561,4.0,11.960000038146973,9.120109194638909,1.789213112714907,0.999996658127392,0.0017882201169329,18.10440432934307,-0.1448371631748912,J0935-0003,3.35,3.35,measured,0.0085885603812804,0.14483716317489878,10.561,3.35,1.0,3.69635,0.0006434854976667175,6.836561626998267e-06,6.203116577846638e-06,3.6324962956631274e-06,6.203116577846638e-06,1.4148933205821028e-06,-3.4145789569599583e-06,-2.244994325368452e-06,3.6598876459505546e-06,4.054612236155703e-05,1.687334044201799e-05,2.5255354921125575e-05,8.904956695777653e-08,2.51663053541678e-05,0.34294430589361213,0.0023031734356163927,0.0018974770804444036,0.0015093640431806047,0.0018974770804444032,0.0007844365885637412,-0.0018770406033830022,-0.0012607057508719622,0.0020451423394357033,0.002474688414748965,0.0014463090429456974,0.0021380464958781526,4.748252377689209e-05,0.0020905639721012603,0.8429443058936121,0.004854335897417282,0.004052621519239341,0.0033577791013492675,0.004052621519239342,0.002035695219638294,-0.0048167225669849874,-0.0033260583115681842,0.0053617535312064785,0.005339020218181491,0.0030143862758788323,0.004441624786412583,0.0001164194208937949,0.004325205365518788
J0936+0913,10.933,13.120446372218384,0.1823860667575783,6.687,4.0,11.68000030517578,4.786304286528679,1.7892131127149071,0.9999966581273916,0.0017882201169331,13.116307414594004,0.18207055839154,J0936+0913,4.300000000000001,4.300000000000001,measured,0.0091387687815895,-0.18207055839155523,6.687,4.300000000000001,1.0,2.34045,0.0009721344650993747,1.1206652002667298e-05,1.0006789601802176e-05,5.574462887085455e-06,1.0006789601802176e-05,2.0122609897325065e-06,-4.8259321499327996e-06,-3.2231118089972273e-06,5.235372798729734e-06,0.00010740995050858933,4.447246593091578e-05,6.657701761918127e-05,2.1036782387891986e-07,6.636664979530234e-05,0.6597498601883222,0.004740831922936982,0.003768958339722006,0.0029311361285501198,0.003768958339722006,0.001445342675136001,-0.003419684564643877,-0.0023616861359001236,0.0038070288110361246,0.008674878009803058,0.004954413249501714,0.007336118611981315,0.00014236819616664684,0.007193750415814669,1.159749860188322,0.007343936194699109,0.005855093377489247,0.0046321274261518506,0.005855093377489247,0.002672153855387154,-0.006259112534679351,-0.004429502886869263,0.007101656742256417,0.013541479126003345,0.007667819818013263,0.011328794673706382,0.00024970853014598296,0.0110790861435604
J0946+1006,17.706,11.829080313405298,-0.4033426321136346,8.406,4.0,11.59000015258789,3.890452816839944,1.7892131127149065,0.9999966581273918,0.001788220116933,11.823682944946782,-0.4037990158767699,J0946+1006,3.65,3.65,measured,0.0088811327771859,0.40379901587679823,8.406,3.65,1.0,2.9421,0.0007525145929972625,8.25253660971486e-06,7.445261903700144e-06,4.277125158793101e-06,7.445261903700144e-06,1.6208462134040915e-06,-3.90502096006806e-06,-2.5783638935483047e-06,4.199210106952397e-06,6.205578661409752e-05,2.575878039334521e-05,3.855773713797235e-05,1.3046561673361779e-07,3.842727152123873e-05,0.4630263405015945,0.003190107593636203,0.0025947413506845186,0.0020473677338354213,0.0025947413506845186,0.0010432091741705409,-0.002486551876674576,-0.0016862848200075884,0.002729493994178129,0.004436662345155129,0.0025705081131906886,0.003802502550147458,8.017638357544483e-05,0.0037223261665720133,0.9630263405015949,0.00575615110501645,0.004721959989534299,0.0038510561791767306,0.004721959989534299,0.002286058842777069,-0.0053908036647185905,-0.0037534317063896935,0.006039490549166762,0.008121914416871297,0.0046079869478360186,0.0067975087114567935,0.00016635326060985872,0.006631155450846935
J0955+0101,3.7,6.136895563285108,0.505986186060156,2.972,4.0,11.020000457763672,1.047129651766654,1.7892131127149071,0.9999966581273918,0.0017882201169327,6.141180765435188,0.5066842110942646,J0955+0101,3.95,3.95,measured,0.0090629906528052,-0.5066842110943721,2.972,3.95,1.0,1.0402,0.0008569552968633914,9.641722482566413e-06,8.654726651215333e-06,4.894857733244517e-06,8.654726651215333e-06,1.8107463275832697e-06,-4.353558307998941e-06,-2.889427002334141e-06,4.700173329917411e-06,0.00020655682604927804,8.559326885546153e-05,0.00012812993806734325,4.18859750771598e-07,0.00012771107831657165,1.392661526051419,0.009800312138428838,0.007881926829573756,0.006171657777725922,0.007881926829573756,0.003095213977041742,-0.00735120441765106,-0.005029651490515912,0.008124865467557654,0.03929454705930651,0.022611718927118246,0.033464362217181645,0.0006792052836759575,0.032785156933505685,1.892661526051419,0.012351013486695182,0.009941375899025755,0.007876362516439422,0.009941375899025757,0.004330306815938714,-0.010223706171338217,-0.007097521092416629,0.011427827908355344,0.049549580735921,0.02854341054398408,0.04218821590900729,0.0009218550787133674,0.04126636083029392
J0956+5100,19.217,15.238727800587103,-0.231955234827994,8.334,4.0,11.8100004196167,6.456548528681109,1.7892131127149071,0.9999966581273918,0.0017882201169332,15.23341520531518,-0.2323039202043206,J0956+5100,4.666666666666667,4.666666666666667,measured,0.0091643463168532,0.23230392020433446,8.334,4.666666666666667,1.0,2.9168999999999996,0.0010847431192040305,1.2766113800052097e-05,1.1343482538798652e-05,6.248135591980696e-06,1.1343482538798652e-05,2.201644473172293e-06,-5.266583202099895e-06,-3.539994690589274e-06,5.7416391637615666e-06,9.869364465538345e-05,4.0854855661720574e-05,6.116381448191e-05,1.8761681536624783e-07,6.097619766654375e-05,0.5605115314698396,0.004101728284677369,0.003226317267034681,0.002506757799272353,0.003226317267034681,0.001211514508401349,-0.0028560791748719104,-0.001989978858733482,0.003201493367134831,0.00614584712403811,0.003488634240476482,0.00516776810043233,9.664103550621628e-05,0.005071127064926113,1.06051153146984,0.006737331531981496,0.0053134593566224395,0.004196329294563677,0.0053134593566224395,0.002430455948409223,-0.005664749941761941,-0.00405707385187495,0.006487529800284173,0.010200775810005742,0.005721360017734687,0.008454555813965802,0.00018239345897517334,0.008272162354990628
J0959+4416,13.567,13.738734193593542,0.0125787833989887,7.441,4.0,11.720000267028809,5.248077829311783,1.7892131127149071,0.9999966581273918,0.001788220116933,13.734021912067178,0.012235732155462,J0959+4416,3.45,3.45,measured,0.0087105748452182,-0.012235732155462956,7.441,3.45,1.0,2.6043499999999997,0.0006802730104801495,7.31015157550839e-06,6.619651354197169e-06,3.84986012580949e-06,6.619651354197169e-06,1.4852952364523212e-06,-3.582722672345013e-06,-2.3584582734642724e-06,3.843753509916594e-06,6.17358514314273e-05,2.566641781655575e-05,3.84176020061093e-05,1.3349882921220744e-07,3.828410317689709e-05,0.49895482821994924,0.0033812279286705663,0.0027732315521667977,0.0022003271682312395,0.0027732315521667977,0.0011353724809422543,-0.0027131483396600573,-0.0018283415841089596,0.0029637140650512137,0.005200881637311273,0.003030960343309991,0.004481584885700768,9.789607521424243e-05,0.004383688810486526,0.9989548282199492,0.005926592605220283,0.004903699963315224,0.004011513572806377,0.004903699963315224,0.0023837536647387885,-0.005640575383599961,-0.0038944392753551935,0.006278192940093982,0.009245130453328292,0.005282955919894483,0.007790596702291179,0.00019556865390380125,0.007595028048387378
J0959+0410,5.054,7.127653798835318,0.3438021108359625,2.91,4.0,11.149999618530272,1.412536303897626,1.7892131127149071,0.999996658127392,0.001788220116933,7.1327790263265305,0.3445209147845838,J0959+0410,2.75,2.75,measured,0.0074795686488241,-0.3445209147846414,2.91,2.75,1.0,1.0185,0.0004180828792452212,4.040382394514166e-06,3.7197337891958757e-06,2.310266807399796e-06,3.7197337891958757e-06,9.614687927659337e-07,-2.316730425802362e-06,-1.5291447452613716e-06,2.490613538027305e-06,8.472249686956174e-05,3.576232474319034e-05,5.3512042341417e-05,2.099021196860035e-07,5.3302140221730995e-05,1.0338895849611347,0.006473015353560042,0.005506140023009369,0.004447354019421587,0.005506140023009369,0.00245016418880768,-0.005914697368404661,-0.003885959386826057,0.006336123575633737,0.02272100589864762,0.013629237901757388,0.020097784757546394,0.0005248637759530151,0.01957292098159338,1.5338895849611347,0.008928568507700907,0.007642061523914805,0.006289511868676966,0.007642061523914805,0.003720248957244855,-0.008938892175652196,-0.005942103653327219,0.009662352610572075,0.03163973763831286,0.01885011717992766,0.027754734508323792,0.0007780591649489195,0.026976675343374872
J1016+3859,8.984,10.421898259797375,0.1484639769419398,4.191,4.0,11.479999542236328,3.0199485372543653,1.7892131127149071,0.9999966581273916,0.0017882201169331,10.429375942377712,0.1491812168408923,J1016+3859,4.25,4.25,measured,0.0091283829740362,-0.1491812168409076,4.191,4.25,1.0,1.4668499999999998,0.0009561374937975827,1.09873916510501e-05,9.81800436681583e-06,5.480246512149219e-06,9.81800436681583e-06,1.9847537410984174e-06,-4.7616651869913184e-06,-3.177349777402352e-06,5.16210351850077e-06,0.00016788538580890427,6.951492495179885e-05,0.00010406587846316091,3.303115787291536e-07,0.00010373556688443175,1.0432632940755842,0.0074755095435307065,0.005952297633232599,0.00463022382728952,0.005952297633232599,0.00229006180127514,-0.005421088506397213,-0.003739158698703345,0.006029220499978485,0.02170321962563129,0.01241001086229808,0.018374088252320418,0.0003594231005459541,0.018014665151774464,1.5432632940755848,0.010057793247864289,0.008014803799496905,0.0063323163371343,0.008014803799496905,0.003518008120887728,-0.00826500442219345,-0.0058070280613574665,0.009325036182245195,0.029274827662595142,0.016722842983045116,0.02471983689468725,0.0005308002076104805,0.02418903668707677
J1020+1122,21.84,15.06426378096754,-0.371417848989565,6.782,4.0,11.800000190734863,6.309576215861531,1.7892131127149065,0.9999966581273916,0.0017882201169333,15.074920558051543,-0.3707106780583116,J1020+1122,4.05,4.05,measured,0.0091004436738286,0.37071067805833274,6.782,4.05,1.0,2.3737,0.0008906195156112842,1.009572823322705e-05,9.048095829593344e-06,5.093751488483393e-06,9.048095829593344e-06,1.8704838452780317e-06,-4.493969139341069e-06,-2.9879662417710556e-06,4.858450087049087e-06,9.49756512984566e-05,3.9338511151666256e-05,5.888921544967258e-05,1.9055167465318986e-07,5.869866377501939e-05,0.6224965595573463,0.004408993794245477,0.003533696235706852,0.0027590966516046443,0.003533696235706852,0.0013775610996122145,-0.00326808336014085,-0.0022421610383080073,0.003619722137920222,0.007832877696555182,0.00449577858011618,0.006654880856256195,0.0001328647864445916,0.006522016069811603,1.1224965595573464,0.006995634633109078,0.005630461766583242,0.004494173797465132,0.005630461766583242,0.002610206293103599,-0.006130727748247359,-0.004310097424167042,0.006920303717270641,0.012534072413765921,0.007117938763420809,0.01051193735735512,0.00023905018829552683,0.010272887169059594
J1023+4230,14.32,11.559690776324896,-0.2141330480988883,5.632,4.0,11.56999969482422,3.71534968021985,1.7892131127149071,0.9999966581273916,0.0017882201169333,11.567795508573568,-0.2134321736086297,J1023+4230,3.75,3.75,measured,0.0089574523705613,0.21343217360864644,5.632,3.75,1.0,1.9711999999999998,0.0007878819495301648,8.719562831975173e-06,7.852859745115168e-06,4.486369613141946e-06,7.852859745115168e-06,1.6859405896023323e-06,-4.059153028838317e-06,-2.6846093295710137e-06,4.370549919173346e-06,9.811778597275176e-05,4.070162388233051e-05,6.0926613473540175e-05,2.0366133046507606e-07,6.0722952143075096e-05,0.7059677521367802,0.0049002751107973565,0.003970172999271732,0.0031247051165779176,0.003970172999271732,0.0015831197895755584,-0.003768819241947223,-0.002563659916355015,0.004146779705930573,0.010234232212335919,0.005915764077290733,0.008752441278187983,0.00018219074339271388,0.008570250534795269,1.20596775213678,0.007457887724026746,0.0060698792587147105,0.0048637947832899315,0.0060698792587147105,0.0028233132162001143,-0.006662106232235774,-0.004631146632564686,0.0074544598487648,0.015684547517577647,0.008987689532742758,0.01326886541428093,0.0003106140089154313,0.012958251405365499
J1029+0420,3.666,8.374269081873141,0.8260626506786912,2.979,4.0,11.289999961853027,1.949844428490234,1.789213112714908,0.9999966581273918,0.0017882201169331,8.380405346163293,0.8267951345703795,J1029+0420,3.25,3.25,measured,0.0084633731612585,-0.826795134570533,2.979,3.25,1.0,1.04265,0.0006063284652261489,6.362773954413315e-06,5.78528349526833e-06,3.413192072205073e-06,5.785283495268329e-06,1.3428110359846902e-06,-3.241856304791061e-06,-2.129387839147703e-06,3.472198875132393e-06,0.0001333068108614913,5.553905191245036e-05,8.31259479628907e-05,2.9768055480123033e-07,8.282826740808946e-05,1.1822130380532077,0.00786155570427414,0.006507071171099824,0.005192259406993094,0.006507071171099824,0.0027189251168849996,-0.006514838762255511,-0.004360861705284493,0.0070797868221694924,0.029364051757767306,0.017233762064389806,0.02546646730475825,0.0005812184064175612,0.02488524889834069,1.6822130380532083,0.010358829841129867,0.0086050306048349,0.00690507602314951,0.0086050306048349,0.003973136552833554,-0.009467252541789746,-0.006425293669544473,0.010398430222378026,0.0387991644990736,0.02272404357994336,0.03353006168296413,0.0008260505080325939,0.03270401117493153
J1032+5322,5.765,7.210190714604466,0.2236902486274201,1.914,4.0,11.15999984741211,1.4454392628956645,1.7892131127149076,0.9999966581273916,0.0017882201169331,7.2157917724988225,0.2244667722618845,J1032+5322,,4.0,default_4,0.0090800974320569,-0.22446677226191958,1.914,4.0,1.0,0.6698999999999999,0.0008738617770436587,9.869365646423358e-06,8.852081399848665e-06,4.9947650245731645e-06,8.852081399848665e-06,1.8408350224401708e-06,-4.424320980489584e-06,-2.939019109271103e-06,4.779854131711274e-06,0.00032865404808979967,0.000136156732098758,0.00020382320231027338,6.628567694961358e-07,0.00020316034554077725,2.182871467357636,0.015410011086573505,0.012371858029154519,0.009675414602826829,0.012371858029154519,0.004841097752061053,-0.01149116203229785,-0.007873228975946363,0.012714326728007416,0.09617515360778459,0.055287627260372056,0.08182827419132324,0.001651965704151515,0.08017630848717172,2.6828714673576366,0.017953347258498304,0.014413251846202324,0.011380623731072589,0.014413251846202324,0.006074958395225668,-0.014358692320705772,-0.009941141260196903,0.01601609965542257,0.11195216217570979,0.06453893056245057,0.09543540865948946,0.002028479699230216,0.09340692896025925
J1100+5329,32.473,15.774301113996067,-0.7220268707707262,10.177,4.0,11.84000015258789,6.918312139914402,1.789213112714907,0.9999966581273918,0.0017882201169328,15.767677719890935,-0.7224468440537826,J1100+5329,4.55,4.55,measured,0.0091634329840274,0.7224468440538153,10.177,4.55,1.0,3.5619499999999995,0.001049808720326889,1.227943081109709e-05,1.092744913734669e-05,6.036293135376616e-06,1.092744913734669e-05,2.1436789630224976e-06,-5.132048551042799e-06,-3.4426673010471915e-06,5.586346264069689e-06,7.762181447091888e-05,3.213364648905182e-05,4.8106720995460305e-05,1.4887242318190854e-07,4.79578485722784e-05,0.4513838240016314,0.003285500664388211,0.002592701845866331,0.0020148291227394957,0.002592701845866331,0.0009796390053740827,-0.0023120383470974035,-0.0016065176743989263,0.0025861566797730088,0.004017926513265493,0.002283885153345755,0.003382861005560037,6.381468697845848e-05,0.003319046318581578,0.9513838240016314,0.005922621922005838,0.004696396105176014,0.003754368204045868,0.004696396105176014,0.002201000352829125,-0.0051301030637180434,-0.003673898347598455,0.0058748987004275804,0.007344821106080886,0.004099050544627533,0.00605463221413749,0.00013413147157551272,0.005920500742561977
J1103+5322,7.588,11.167256205953082,0.3864178912594798,7.779,4.0,11.539999961853027,3.467368199963294,1.7892131127149071,0.9999966581273916,0.001788220116933,11.162251642000626,0.3859696445654346,J1103+5322,3.05,3.05,measured,0.0081444070217517,-0.3859696445654767,7.779,3.05,1.0,2.72265,0.0005312073941571636,5.419722522684379e-06,4.9501353948548685e-06,2.970862617250608e-06,4.9501353948548685e-06,1.1939791273057924e-06,-2.8832577063441682e-06,-1.8926588028790016e-06,3.086637930184794e-06,4.313859677654405e-05,1.8025275005618722e-05,2.6976454013543538e-05,9.995643004668845e-08,2.6876497583496848e-05,0.4276476537350755,0.0027835593908511385,0.0023272843099861615,0.0018664059099697122,0.002327284309986162,0.0009947538651865835,-0.002390368475426832,-0.0015886469853195052,0.0025834008505060888,0.00388398370523595,0.002295905776951914,0.003390557668722503,8.078418749940411e-05,0.003309773481223099,0.9276476537350755,0.005297188404019274,0.004483681353253402,0.0037235282307437625,0.004483681353253402,0.002255096822312766,-0.005369782071142956,-0.0036506052181081083,0.005905702040420874,0.007559473890053147,0.004342350849914326,0.006394629581991147,0.0001749024031691886,0.0062197271788219585
J1106+5228,3.824,9.182199347424593,0.8759697610777837,2.449,4.0,11.369999885559082,2.3442281975923813,1.7892131127149071,0.999996658127392,0.0017882201169326,9.189335520197131,0.8767466339066325,J1106+5228,4.15,4.15,measured,0.0091153906227672,-0.8767466339067849,2.449,4.15,1.0,0.8571499999999999,0.000923683150117958,1.0544406801201299e-05,9.435946969160532e-06,5.288909616119653e-06,9.435946969160532e-06,1.928475852307438e-06,-4.629970389054444e-06,-3.083933020175309e-06,5.012408872482747e-06,0.0002752315429134211,0.00011397367806135903,0.00017061957123830818,5.466790376213207e-07,0.00017007289220068685,1.7538843265633473,0.012495343602552824,0.009981285148170264,0.007775759129302125,0.009981285148170265,0.003865457316458016,-0.0091601332818994,-0.006301695983932655,0.010167153300390672,0.061590298561976085,0.03529288375233856,0.052246357259827333,0.0010353418779152105,0.051211015381912126,2.2538843265633477,0.015054973189845125,0.012024666100250705,0.00948233330612462,0.012024666100250705,0.005095720946594898,-0.012013254338815928,-0.008369629447563667,0.013465350394158564,0.07418508335840862,0.04261509436382948,0.06301850782508145,0.0013290040814220036,0.061689503743659446
J1112+0826,25.802,13.897829394679489,-0.6187193390164496,5.502,4.0,11.729999542236328,5.3703123031766005,1.7892131127149071,0.9999966581273916,0.0017882201169332,13.907813518439596,-0.6180012024698223,J1112+0826,3.65,3.65,measured,0.0088811327771837,0.6180012024698556,5.502,3.65,1.0,1.9256999999999997,0.0007525145929972619,8.252536609714855e-06,7.44526190370013e-06,4.2771251587930965e-06,7.44526190370013e-06,1.6208462134040902e-06,-3.90502096006805e-06,-2.5783638935483094e-06,4.1992101069524e-06,9.480933156635822e-05,3.935447255297337e-05,5.890882195234371e-05,1.993264220761135e-07,5.87094955302676e-05,0.7070181962701464,0.004870729020662728,0.003961696646687946,0.0031264938697748977,0.003961696646687946,0.0015929678990683103,-0.0037969129215664208,-0.0025749586747068226,0.004167926573775133,0.010319418770118416,0.0059806687996264325,0.008846749589213667,0.00018704230785633808,0.008659707281357329,1.2070181962701467,0.007419921999390439,0.0060651185065635745,0.004875092829588066,0.0060651185065635745,0.0028358175676749206,-0.006701164709610574,-0.004642105561089108,0.007477923128764028,0.015833148804773347,0.009093545405229284,0.013422544171540748,0.00031870403601905574,0.013103840135521693
J1134+6027,7.788,10.788187223816744,0.325867672438624,5.369,4.0,11.510000228881836,3.2359382746997105,1.789213112714908,0.9999966581273916,0.0017882201169331,10.78491164165174,0.3255639995902677,J1134+6027,4.35,4.35,measured,0.0091467975678514,-0.3255639995903033,5.369,4.35,1.0,1.8791499999999999,0.000987977455924527,1.1424379918451085e-05,1.0194047756324924e-05,5.667704122168535e-06,1.0194047756324924e-05,2.039353498192689e-06,-4.889164665425796e-06,-3.268249327344963e-06,5.307602825537652e-06,0.0001364864532039609,5.6509176709214234e-05,8.459697321412867e-05,2.6613531591275574e-07,8.433083789821591e-05,0.8282771610794158,0.005967471390173041,0.00473684869745854,0.003683921027096909,0.00473684869745854,0.0018110844585719275,-0.004282804157354297,-0.0029615336769334144,0.004772618135505342,0.013618101886803234,0.007771495716343268,0.011507888529053961,0.0002224770960197569,0.011285411433034204,1.3282771610794157,0.008565263043053674,0.006808557572668523,0.005379333653614752,0.006808557572668523,0.0030367758665663285,-0.007117818203689363,-0.005029285262575955,0.008066061129142283,0.019641073261710842,0.011163694423635887,0.016499705347346395,0.0003560840816718127,0.016143621265674583
J1142+1001,12.591,11.29660086551371,-0.1084804009147881,4.435,4.0,11.550000190734863,3.548135450617081,1.7892131127149071,0.9999966581273916,0.001788220116933,11.304747056987676,-0.1077595419771131,J1142+1001,3.1500000000000004,3.1500000000000004,measured,0.0083253380787379,0.10775954197712202,4.435,3.1500000000000004,1.0,1.5522499999999997,0.0005688735922178142,5.890025940793848e-06,5.367216152967304e-06,3.1924513741962524e-06,5.367216152967304e-06,1.2691336921012214e-06,-3.064683898654416e-06,-2.0118508697504692e-06,3.2809845618516906e-06,8.257251703630516e-05,3.444789811299315e-05,5.1556635283481574e-05,1.8770231900480486e-07,5.136893296447677e-05,0.772275515099993,0.005082678440879573,0.00422766574602877,0.00338219147839352,0.00422766574602877,0.001786063735340899,-0.004285644518560136,-0.002858610422803463,0.004644674158144362,0.012593928679569854,0.007417516130386875,0.010957590629077918,0.0002554519604574044,0.010702138668620513,1.272275515099993,0.007584414556904102,0.006349738263634516,0.005178247606087499,0.006349738263634515,0.003043303444431778,-0.007251292969636556,-0.004921920808090563,0.007965224252522341,0.018954340341941198,0.011057191531021788,0.01630186177372375,0.00042021440452081086,0.015881647369202938
J1143-0144,6.349,11.965974046820085,0.6337698058668626,5.165,4.0,11.600000381469728,3.981075202376568,1.7892131127149071,0.9999966581273916,0.0017882201169332,11.974485195423206,0.6344808322407154,J1143-0144,5.0,5.0,measured,0.0091176481993885,-0.6344808322407895,5.165,5.0,1.0,1.80775,0.0011800352491434635,1.4105879732677e-05,1.2483520082055324e-05,6.825149444569442e-06,1.2483520082055324e-05,2.356253363012371e-06,-5.623949094567762e-06,-3.801064357481727e-06,6.157317720494098e-06,0.00017660459736934387,7.309803041639881e-05,0.00010943824111448612,3.282357984440976e-07,0.00010911000531604202,0.9452909344325112,0.007014045124644558,0.005469734153102278,0.00424616195484472,0.005469734153102278,0.0020209584000132554,-0.0047499256811993,-0.003333907918853723,0.005354866318866978,0.017123501186932594,0.009685445926663165,0.014350550065489766,0.0002620669329492429,0.014088483132540524,1.4452909344325113,0.00965000381736849,0.007518416084343384,0.0058887801069617595,0.007518416084343384,0.0032333869624368954,-0.00753357163403064,-0.005399976215716943,0.008633363178153839,0.02365753035937703,0.013350811471363466,0.019747860150043695,0.0003999420750577069,0.01934791807498599
J1153+4612,9.652,8.768947574729774,-0.0959483514610446,3.521,4.0,11.329999923706056,2.137961713919416,1.7892131127149065,0.9999966581273916,0.0017882201169331,8.77525772851837,-0.0952290080708335,J1153+4612,3.55,3.55,measured,0.0088128866711781,0.095229008070844,3.521,3.55,1.0,1.2323499999999998,0.0007166320536460313,7.782458841047866e-06,7.033965068674722e-06,4.064856058412693e-06,7.033965068674722e-06,1.5539583267189706e-06,-3.746213156331857e-06,-2.469620150544025e-06,4.023578477262996e-06,0.00013931986205328346,5.787281915635429e-05,8.662651355670849e-05,2.9692198465440906e-07,8.632959157205409e-05,1.0793651995068694,0.007376218769276402,0.0060241015469659235,0.004767614435406632,0.006024101546965924,0.002443817048470653,-0.005832275587891852,-0.003942992605990755,0.006386809654461408,0.024138839125150892,0.014031554443076327,0.02075088001433149,0.00044686441441089915,0.02030401559992059,1.5793651995068696,0.009902221590160696,0.008110888559777044,0.006467212236380175,0.008110888559777044,0.0036893955605017173,-0.008747900213975243,-0.006009682028031621,0.009699077588533339,0.03248867312555505,0.018844345452163833,0.027824102733007075,0.0006529335100632677,0.027171169222943808
J1204+0358,10.357,10.068081927913177,-0.0282924049101658,3.068,4.0,11.449999809265137,2.818381693478142,1.7892131127149071,0.9999966581273918,0.0017882201169334,10.075694839400816,-0.0275365474621778,J1204+0358,2.95,2.95,measured,0.0079411447588113,0.027536547462180632,3.068,2.95,1.0,1.0737999999999999,0.0004934336734785589,4.9534521151768505e-06,4.535435580730762e-06,2.749106788559449e-06,4.535435580730763e-06,1.1175044459120176e-06,-2.6978545255870325e-06,-1.7721632580610337e-06,2.889667703973051e-06,9.952199192858748e-05,4.1670167068303154e-05,6.236001601334494e-05,2.3540312583551733e-07,6.212461288750942e-05,1.0500490028891099,0.006752868245302009,0.005676712698573284,0.004564871712845256,0.005676712698573284,0.002457259882946145,-0.005913504472324774,-0.0039155350594598055,0.00637279494240595,0.023396689803125436,0.013896667743025096,0.020512752933244626,0.0005038148595319119,0.020008938073712713,1.5500490028891099,0.00922648676396997,0.007797689420236116,0.006359354635698159,0.007797689420236116,0.0037207797997617516,-0.008907243053296269,-0.005975876145750738,0.00969665594551249,0.03216867187587725,0.019009818790318014,0.028016448653339757,0.0007429383029613388,0.027273510350378418
J1205+4910,14.904,13.738786075654424,-0.0814067000693894,6.248,4.0,11.720000267028809,5.248077829311783,1.7892131127149071,0.9999966581273916,0.0017882201169331,13.748472142645085,-0.0807019322591804,J1205+4910,4.45,4.45,measured,0.0091575699982273,0.08070193225918618,6.248,4.45,1.0,2.1868,0.0010192010103954687,1.185512515967244e-05,1.0563905609926854e-05,5.8512481417664945e-06,1.0563905609926856e-05,2.0923145766997193e-06,-5.012585613947125e-06,-3.356672692851746e-06,5.448987269551465e-06,0.00012189258022968378,5.04632563497929e-05,7.554683034826425e-05,2.356685490876134e-07,7.531116179917663e-05,0.7233746552518485,0.005238735233416608,0.004145987594302987,0.00322358376275703,0.004145987594302987,0.001575756503652531,-0.00372254963290991,-0.0025804763817002157,0.004156232885352747,0.010337804335939936,0.005888559600041494,0.008720715272372762,0.00016676824400815008,0.008553947028364612,1.2233746552518483,0.007848874741101209,0.006222722179174675,0.004914141990141096,0.006222722179174675,0.0027992535384683253,-0.006548951027986109,-0.004648063125887199,0.007447316664355524,0.015590012643556812,0.008824739838775781,0.013042013629661845,0.0002814386253608528,0.012760575004300992
J1213+6708,6.917,10.542582467578384,0.421440379382503,3.315,4.0,11.489999771118164,3.09029380386682,1.7892131127149071,0.9999966581273916,0.0017882201169332,10.55049378316763,0.4221905133000192,J1213+6708,3.75,3.75,measured,0.0089574523705583,-0.42219051330006907,3.315,3.75,1.0,1.16025,0.0007878819495301648,8.719562831975173e-06,7.852859745115178e-06,4.486369613141952e-06,7.852859745115178e-06,1.685940589602335e-06,-4.059153028838333e-06,-2.684609329571009e-06,4.370549919173344e-06,0.0001666966427144915,6.914978754307273e-05,0.00010351091616379465,3.460092347448932e-07,0.00010316490692904975,1.1988491274682613,0.00832089478758763,0.006741519040046262,0.005306625302224223,0.006741519040046263,0.0026884537950357334,-0.006400176444367717,-0.004353638735775206,0.00704209253081094,0.029455138812200642,0.01703017632584864,0.02519556687677062,0.000525635592299547,0.024669931284471074,1.698849127468261,0.010860190086936432,0.008815097298907192,0.007009033481034981,0.008815097298907192,0.003928647221660451,-0.009293463434656563,-0.006421125451985242,0.010349772673645693,0.03850179847879669,0.022249206239906703,0.03286871943618854,0.0007438195535134048,0.03212489988267514
J1218+0830,8.303,11.828951699995631,0.3539331650895727,6.461,4.0,11.59000015258789,3.890452816839944,1.7892131127149071,0.9999966581273916,0.0017882201169331,11.824850494862288,0.353586395877532,J1218+0830,4.6,4.6,measured,0.0091646506801271,-0.3535863958775679,6.461,4.6,1.0,2.2613499999999997,0.0010648824154668344,1.2489119542783785e-05,1.1106823135642263e-05,6.127715534437128e-06,1.1106823135642263e-05,2.1687760176097147e-06,-5.190334052197431e-06,-3.484770018241431e-06,5.653546035851146e-06,0.0001244362415087994,5.1512596400517436e-05,7.711900896647508e-05,2.3773832473538137e-07,7.68812706417397e-05,0.7157037775960461,0.005220995888763887,0.0041142490562229225,0.0031976952422021316,0.0041142490562229225,0.001550607495409315,-0.0036577683157531927,-0.0025446616658840685,0.0040952691612933835,0.010038712949436073,0.005704315375004228,0.008449137944792889,0.00015928803518297166,0.008289849909609917,1.2157037775960462,0.007841908611346165,0.006187875245464543,0.0048792739963543184,0.006187875245464543,0.002770922432404158,-0.0064717642515842964,-0.004611925478032332,0.00738284791043649,0.015181288520641408,0.008572562482992124,0.012671184137377316,0.0002699831213956851,0.012401201015981632
J1250+0523,15.46,14.55282263159587,-0.06047107305774,4.882,4.0,11.770000457763672,5.888442760205689,1.789213112714907,0.9999966581273918,0.0017882201169334,14.563625387888994,-0.0597290349642487,J1250+0523,3.35,3.35,measured,0.0085885603812877,0.05972903496425258,4.882,3.35,1.0,1.7086999999999999,0.0006434854976667175,6.836561626998271e-06,6.203116577846634e-06,3.632496295663123e-06,6.203116577846634e-06,1.4148933205820956e-06,-3.4145789569599337e-06,-2.2449943253684498e-06,3.6598876459505453e-06,8.771151131921421e-05,3.650130037037115e-05,5.463371637075116e-05,1.9263672196662553e-07,5.444107964878454e-05,0.7411266817700097,0.004976624936328388,0.004099989038172687,0.0032623650909911228,0.004099989038172687,0.0016952887408140215,-0.004056541257359939,-0.0027246137058961496,0.004419902446710171,0.011506053676284834,0.006728604006768537,0.00994602226805723,0.00022197810197836614,0.009724044166078864,1.2411266817700097,0.007497970095869601,0.006213885705167212,0.005037194480384001,0.006213885705167212,0.0029465473718887085,-0.006996223220962156,-0.004789966266592676,0.0077365136384813845,0.017469244574152658,0.010120751417051948,0.014929244375048056,0.000371106035294957,0.014558138339753099
J1251-0208,10.913,10.664635998279763,-0.0230215182842568,9.4,4.0,11.5,3.1622776601683795,1.7892131127149076,0.9999966581273918,0.0017882201169333,10.659084723830071,-0.0235421848834347,J1251-0208,3.1500000000000004,3.1500000000000004,measured,0.0083253380787355,0.023542184883437296,9.4,3.1500000000000004,1.0,3.29,0.0005688735922178141,5.890025940793848e-06,5.367216152967305e-06,3.1924513741962515e-06,5.367216152967305e-06,1.2691336921012214e-06,-3.0646838986544184e-06,-2.0118508697504675e-06,3.280984561851689e-06,3.8958416282554626e-05,1.6252811503311133e-05,2.432485930662136e-05,8.855955157301114e-08,2.4236299755048348e-05,0.3646666347716842,0.0024002822655977657,0.0019965104624300864,0.001596843484104311,0.001996510462430086,0.0008433504164912944,-0.0020236222973798977,-0.0013497793685852794,0.002193129785076574,0.0028184705326803608,0.0016591638969762456,0.002451167620440089,5.691121830872846e-05,0.0023942564021313603,0.864666634771684,0.004929782124124676,0.004156461239832375,0.0034550359435073924,0.004156461239832375,0.0021005901255820294,-0.0049892707484560685,-0.0034130897538720453,0.005513679879454074,0.005933811311893031,0.003376393726957034,0.0049726402296432475,0.00013464754165141074,0.004837992687991836
J1306+0600,11.376,9.838895165584168,-0.1451624482208795,3.674,4.0,11.43000030517578,2.691536695250786,1.7892131127149065,0.9999966581273918,0.0017882201169335,9.846076949810955,-0.1444327764181121,J1306+0600,,4.0,default_4,0.0090800974320567,0.14443277641812605,3.674,4.0,1.0,1.2858999999999998,0.0008738617770436598,9.869365646423382e-06,8.85208139984868e-06,4.994765024573171e-06,8.852081399848678e-06,1.8408350224401732e-06,-4.424320980489601e-06,-2.9390191092710936e-06,4.779854131711267e-06,0.00017121498313660234,7.093195025504162e-05,0.00010618334491613052,3.4532059249199925e-07,0.00010583802432363852,1.137603153307053,0.008031387221204138,0.006447978750207316,0.00504207231579762,0.006447978750207316,0.0025228908456952515,-0.005988533188553014,-0.00410303019422799,0.006625921039923242,0.026161446775959697,0.015036649661579094,0.022255475208007785,0.0004485044963189257,0.02180697071168886,1.6376031533070532,0.010592076107951053,0.008514479463911435,0.006747281444044974,0.008514479463911435,0.0037567514888595306,-0.008856063476960337,-0.006170942478477779,0.009927693967337309,0.03456474864115134,0.019856190902783434,0.029344221906995264,0.0006446525057311883,0.028699569401264075
J1313+4615,13.185,11.693566219397464,-0.1200410250276577,4.933,4.0,11.579999923706056,3.801893295314423,1.789213112714908,0.9999966581273916,0.0017882201169332,11.70193006240468,-0.1193260290076727,J1313+4615,,4.0,default_4,0.0090800974320587,0.11932602900768242,4.933,4.0,1.0,1.7265499999999998,0.0008738617770436598,9.869365646423378e-06,8.85208139984867e-06,4.9947650245731645e-06,8.85208139984867e-06,1.8408350224401713e-06,-4.42432098048958e-06,-2.9390191092711064e-06,4.779854131711278e-06,0.00012751750416458075,5.282870164950797e-05,7.908323722316307e-05,2.57187889076748e-07,7.882604933408633e-05,0.8474871634355184,0.005983438284817084,0.004803796763624909,0.0037560803212578573,0.004803796763624909,0.0018794685948464618,-0.004461269238771159,-0.003056605140614688,0.0049360737354611495,0.014535441113969623,0.008353381950573361,0.01236390068537391,0.0002488498846943345,0.012115050800679575,1.3474871634355186,0.008554246087092366,0.00688491363297477,0.00546128944950565,0.00688491363297477,0.0031133292380106435,-0.007328799527178302,-0.005124517424864271,0.008237846662874915,0.02087352888506031,0.011942880130217895,0.0176434578254677,0.0003949370094826284,0.01724852081598507
J1318-0313,22.8,12.970294614029036,-0.5640988228530577,9.522,4.0,11.670000076293944,4.677352234557798,1.7892131127149071,0.9999966581273916,0.0017882201169331,12.96426069313054,-0.5645641418790373,J1318-0313,,4.0,default_4,0.0090800974320527,0.5645641418790703,9.522,4.0,1.0,3.3327,0.0008738617770436587,9.869365646423361e-06,8.852081399848665e-06,4.994765024573166e-06,8.852081399848665e-06,1.8408350224401679e-06,-4.424320980489577e-06,-2.9390191092710932e-06,4.779854131711261e-06,6.606215585421943e-05,2.7368618487400048e-05,4.0970133293621504e-05,1.3323964049733228e-07,4.083689365312417e-05,0.4394732544551844,0.0031032419598036117,0.0024914514782681195,0.001947484315081414,0.0024914514782681195,0.0009745711163931486,-0.0023133526952150386,-0.0015849317703575574,0.002559502886750706,0.0039244801103097224,0.0022542807655182794,0.0033367823255760812,6.685296383802411e-05,0.003269929361738057,0.9394732544551844,0.0057005654338724,0.004610717528582053,0.0037347440241941566,0.004610717528582053,0.002208431759557197,-0.0051808829836219455,-0.0036528440546068435,0.005861275814164041,0.007314495531709917,0.004113868511809917,0.006071927817288586,0.00014253536108447,0.0059293924562041165
J1330-0148,2.016,4.101537893997885,0.7102466492669784,1.466,4.0,10.670000076293944,0.4677352234557798,1.7892131127149071,0.9999966581273918,0.0017882201169332,4.104551610964752,0.7109811567569432,J1330-0148,2.85,2.85,measured,0.0077416824833212,-0.7109811567571959,1.466,2.85,1.0,0.5131,0.00045567637014949804,4.49300330565708e-06,4.12470264441945e-06,2.527965154377943e-06,4.124702644419449e-06,1.0399139962196606e-06,-2.508848497472416e-06,-1.6508074874062286e-06,2.690721483625889e-06,0.00018800139096657387,7.902768671786172e-05,0.00011825937349252409,4.5468987153931605e-07,0.00011780468362098477,2.1252802733081553,0.013492289012700422,0.01140740907454468,0.009195110006973276,0.01140740907454468,0.005004415412725511,-0.012061751729021079,-0.007955909921880968,0.01296032533460648,0.09588929430953572,0.057231638177514345,0.08443800162671804,0.002137799974549019,0.08230020165216902,2.6252802733081557,0.01594026286866191,0.013513235565446069,0.010910780503519573,0.013513235565446069,0.006271183759953374,-0.015070406340608217,-0.010014328699205287,0.01628551245915866,0.11345423917965732,0.06776717954635116,0.09989449692792254,0.0026392873140889937,0.09725520961383355
J1402+6321,15.239,14.891793159318208,-0.0230476647760489,7.704,4.0,11.789999961853027,6.165949477018448,1.789213112714907,0.9999966581273916,0.0017882201169331,14.887005285501743,-0.0233692273714365,J1402+6321,3.95,3.95,measured,0.0090629906527992,0.023369227371438362,7.704,3.95,1.0,2.6963999999999997,0.0008569552968633903,9.641722482566393e-06,8.65472665121531e-06,4.894857733244509e-06,8.65472665121531e-06,1.810746327583268e-06,-4.353558307998924e-06,-2.889427002334148e-06,4.700173329917416e-06,7.968417536584273e-05,3.3019625524199234e-05,4.9429150562843074e-05,1.6158504404116961e-07,4.926756551880191e-05,0.5377784485837971,0.0037849836375264817,0.0030441033889082388,0.002382855975571972,0.0030441033889082388,0.0011951641214161702,-0.002838574839975642,-0.0019420816456890402,0.0031372457671052104,0.0058836349549467575,0.003384048917096767,0.005008563561124731,0.00010117945563855942,0.004907384105486171,1.0377784485837969,0.00636976642422627,0.005152605398084873,0.004147507769964194,0.005152605398084873,0.002430256960312862,-0.0057110765936623014,-0.004009951247589147,0.006440208207902009,0.010010283777297482,0.005672339089128252,0.008373996215864333,0.0001947873464551727,0.008179208869409161
J1403+0006,8.268,9.9528290133296,0.185464191886548,3.598,4.0,11.4399995803833,2.7542260421949853,1.7892131127149076,0.9999966581273918,0.0017882201169334,9.960127050236572,0.1861971857434552,J1403+0006,3.45,3.45,measured,0.0087105748452234,-0.1861971857434759,3.598,3.45,1.0,1.2592999999999999,0.0006802730104801488,7.310151575508378e-06,6.6196513541971535e-06,3.849860125809485e-06,6.6196513541971535e-06,1.4852952364523244e-06,-3.5827226723450064e-06,-2.3584582734642894e-06,3.8437535099166135e-06,0.00012767550597588914,5.308054890855775e-05,7.945118858461881e-05,2.760880456275799e-07,7.917510053899124e-05,1.031158584659635,0.006987073597754583,0.005730670473005117,0.004547777697693906,0.005730670473005117,0.0023464698835735536,-0.005607217451967942,-0.0037786620823262724,0.006125131965899826,0.022144617278900623,0.012910504199621768,0.019088549294086116,0.0004184076293074795,0.018670141664778636,1.5311585846596354,0.009505985183088983,0.007824136969424097,0.00625285181289327,0.007824136969424097,0.0035948510673702735,-0.008534644495908163,-0.005844759773572926,0.0094396108409432,0.030225634573542843,0.017567841355086232,0.025931894743570008,0.0006204036432121486,0.02531149110035786
J1416+5136,27.02,12.529880184396902,-0.7684611259684826,4.355,4.0,11.640000343322754,4.365161773191001,1.7892131127149071,0.9999966581273916,0.0017882201169331,12.539130251952496,-0.7677231576311305,J1416+5136,4.25,4.25,measured,0.0091283829740272,0.7677231576311735,4.355,4.25,1.0,1.52425,0.0009561374937975818,1.0987391651050077e-05,9.8180043668158e-06,5.480246512149207e-06,9.8180043668158e-06,1.984753741098413e-06,-4.761665186991322e-06,-3.177349777402331e-06,5.162103518500744e-06,0.00016156318069463058,6.68971413256001e-05,0.00010014697971047221,3.178727500468176e-07,9.982910696042539e-05,1.0040122323811154,0.007194297419724504,0.0057283868437351506,0.004455996068200217,0.0057283868437351506,0.0022038977057996893,-0.005217121203995735,-0.003598469619203022,0.0058023673250027115,0.02010384313654297,0.011495291204516695,0.017019805289269153,0.0003328745613050747,0.016686930727964077,1.5040122323811156,0.009777894895965082,0.007792811131793592,0.006158287837159184,0.007792811131793591,0.003431844025412263,-0.00806103711979195,-0.005666338981857108,0.00909818300726937,0.027402094942656965,0.01564571127754794,0.0231265865889614,0.0004977979724893313,0.02262878861647207
J1420+6019,1.528,7.293691701944933,1.563050133397781,2.729,4.0,11.170000076293944,1.4791086480080775,1.7892131127149071,0.9999966581273918,0.0017882201169334,7.299000302797708,1.5637777032094689,J1420+6019,3.1500000000000004,3.1500000000000004,measured,0.0083253380787309,-1.5637777032099867,2.729,3.1500000000000004,1.0,0.9551499999999999,0.0005688735922178136,5.89002594079384e-06,5.367216152967302e-06,3.192451374196252e-06,5.367216152967302e-06,1.2691336921012269e-06,-3.0646838986544315e-06,-2.011850869750476e-06,3.280984561851703e-06,0.00013419168671894942,5.598256802166523e-05,8.378661688612695e-05,3.0504206111627904e-07,8.348157482501068e-05,1.2546982085453082,0.00825741158730566,0.006868336095024581,0.005495227846611181,0.006868336095024581,0.0029018056153016477,-0.006962845397245584,-0.004644377063961001,0.007546182679262649,0.03320042578716893,0.01955757547712475,0.028890974884643573,0.0006744762275438033,0.02821649865709977,1.754698208545308,0.01074412316567114,0.00896975275392059,0.0072177429452682795,0.00896975275392059,0.0041590453243927,-0.009928493848322312,-0.006707687449248491,0.010866732773641192,0.04331946199608525,0.02547254814176807,0.0375761498668707,0.000942237839643917,0.03663391202722679
J1430+4105,28.064,17.496440217354646,-0.4724901721033174,10.959,4.0,11.93000030517578,8.511386362914989,1.7892131127149076,0.999996658127392,0.0017882201169328,17.48928686873557,-0.4728991016477089,J1430+4105,5.2,5.2,measured,0.0090710645644678,0.47289910164773014,10.959,5.2,1.0,3.83565,0.0012340863479524324,1.4873211509259881e-05,1.3133010258814402e-05,7.151693520344486e-06,1.3133010258814402e-05,2.4417169976437294e-06,-5.820555692119488e-06,-3.946312298455434e-06,6.388029296099163e-06,8.79186764325163e-05,3.638802308839563e-05,5.4478880098830174e-05,1.614809676569547e-07,5.4317399131173216e-05,0.45717349905620114,0.003418467787531749,0.0026532166171688116,0.0020571870749389754,0.0026532166171688116,0.0009713653001340374,-0.00227922888064359,-0.0016062323198925582,0.0025775976200265957,0.003987542340657257,0.002249366921087507,0.0033335347893761547,5.9619159731854154e-05,0.0032739156296443007,0.9571734990562012,0.006096684208151843,0.004743376384974144,0.0037429484665432405,0.004743376384974144,0.0021801516805351135,-0.005049032639033309,-0.0036715740831071413,0.005851725763642255,0.0072162015247497985,0.003997490600333946,0.0059081886834085355,0.0001244722203532637,0.005783716463055272
J1432+6317,6.143,13.58146401874111,0.7933927011144337,6.718,4.0,11.710000038146973,5.12861429039393,1.7892131127149071,0.9999966581273916,0.0017882201169327,13.577360541141855,0.7930905173714347,J1432+6317,3.65,3.65,measured,0.0088811327771843,-0.7930905173715238,6.718,3.65,1.0,2.3512999999999997,0.0007525145929972623,8.25253660971485e-06,7.44526190370013e-06,4.2771251587930965e-06,7.44526190370013e-06,1.620846213404089e-06,-3.905020960068053e-06,-2.5783638935483005e-06,4.19921010695239e-06,7.764824981811594e-05,3.223106698220593e-05,4.824595688922225e-05,1.632470935193191e-07,4.808270979570293e-05,0.5791796924119419,0.003990174325522667,0.0032454859618652587,0.0025610902817811664,0.0032454859618652587,0.0013049241336215137,-0.003110354778199739,-0.0021093417562863133,0.0034142658899078268,0.006932036155279469,0.0040169882771973866,0.005942120995249534,0.00012548831879617006,0.005816632676453364,1.0791796924119423,0.006547122752458927,0.005359875745545399,0.004338553145211329,0.005359875745545399,0.0025477738022280797,-0.006014606566243816,-0.0041764886426685,0.00672426244489658,0.011491884342053938,0.006566414755915426,0.009689668150945425,0.0002333184510306559,0.00945634969991477
J1436-0000,20.629,13.272295175448455,-0.4410190597052441,7.005,4.0,11.6899995803833,4.897783461428336,1.7892131127149071,0.9999966581273916,0.0017882201169333,13.267883189828042,-0.4413515356668096,J1436-0000,2.95,2.95,measured,0.0079411447588098,0.44135153566683627,7.005,2.95,1.0,2.4517499999999997,0.0004934336734785587,4.953452115176843e-06,4.535435580730756e-06,2.7491067885594476e-06,4.535435580730756e-06,1.1175044459120184e-06,-2.6978545255870355e-06,-1.772163258061038e-06,2.889667703973056e-06,4.358793308164255e-05,1.825040293583925e-05,2.7311995592996733e-05,1.0310018416322143e-07,2.7208895408833513e-05,0.4601703053870491,0.002959561269868621,0.0024879204641448573,0.002000282427110483,0.0024879204641448578,0.0010768412470924117,-0.0025914708314574873,-0.0017158941569121635,0.002792735404004575,0.004505764939842914,0.002675190618037513,0.003949018155206504,9.669983265525565e-05,0.0038523183225512487,0.9601703053870488,0.0054605872979357414,0.004645805884946727,0.0038626473709432152,0.004645805884946727,0.0023403611639078075,-0.00558520941242862,-0.0037762352432026067,0.006116596407110414,0.008504420326974708,0.004914612090285952,0.007235433354244399,0.00020142941501664026,0.0070340039392277585
J1443+0304,4.589,6.656,0.3718565681061432,1.664,4.0,11.119999885559082,1.3182563911826832,1.7892131127149076,0.9999966581273916,0.0017882201169332,6.656,0.3718565681061432,J1443+0304,4.15,4.15,measured,0.0091153906227638,-0.37185656810621087,1.664,4.15,1.0,0.5823999999999999,0.0009236831501179587,1.054440680120131e-05,9.435946969160532e-06,5.288909616119648e-06,9.435946969160532e-06,1.9284758523074318e-06,-4.629970389054437e-06,-3.0839330201752873e-06,5.0124088724827195e-06,0.0004050733465113988,0.00016774130863718024,0.00025111017425637997,8.045775018837927e-07,0.00025030559675449617,2.580851937788939,0.01838648388233954,0.014687113477368839,0.011442354628435547,0.014687113477368839,0.005688095621671628,-0.013479285985947234,-0.009273096500739274,0.014961192122410902,0.1332693151182308,0.07637270991687779,0.11305828899767593,0.0022422353569834914,0.11081605364069244,3.08085193778894,0.020937623805034826,0.01671812960117204,0.013148928805256824,0.01671812960117204,0.006918359251808772,-0.016332407042864233,-0.01134102996437086,0.01825938921617963,0.15160559222452533,0.0871492085872722,0.12891225338126955,0.002674434116832129,0.12623781926443742
J1451-0239,5.221,9.39609856836934,0.5876056027739056,3.451,4.0,11.390000343322754,2.454710856206481,1.7892131127149076,0.999996658127392,0.001788220116933,9.402939590355771,0.5883334083382803,J1451-0239,3.35,3.35,measured,0.0085885603812816,-0.5883334083383654,3.451,3.35,1.0,1.2078499999999999,0.0006434854976667175,6.836561626998273e-06,6.203116577846637e-06,3.6324962956631236e-06,6.203116577846637e-06,1.4148933205820964e-06,-3.4145789569599287e-06,-2.244994325368457e-06,3.6598876459505534e-06,0.0001240821785744434,5.1637017794306603e-05,7.72882652338474e-05,2.7251593064070124e-07,7.70157493032067e-05,1.0481772334552377,0.007038206143392784,0.005798414673465766,0.004614157564603987,0.005798414673465766,0.0023976745639850182,-0.005737220560980518,-0.0038534776949595536,0.006251152258944572,0.022989203989961186,0.013445764857911545,0.019874762653615218,0.0004441250592471044,0.019430637594368114,1.5481772334552377,0.00954790385508861,0.007896085681982697,0.006332242804675838,0.007896085681982697,0.0036489331950598086,-0.008676902524582912,-0.005918830255656324,0.009567763450716133,0.03129392922577849,0.01824450831111387,0.026924339682396898,0.0006550907417888564,0.02626924894060804
J1525+3327,32.832,19.406563791146137,-0.525792300953186,12.13,4.0,12.020000457763672,10.47129651766654,1.7892131127149071,0.9999966581273916,0.0017882201169331,19.39869556889201,-0.5261978244565313,J1525+3327,4.55,4.55,measured,0.0091634329840212,0.5261978244565526,12.13,4.55,1.0,4.2455,0.0010498087203268892,1.2279430811097083e-05,1.0927449137346681e-05,6.036293135376612e-06,1.0927449137346681e-05,2.1436789630225e-06,-5.132048551042831e-06,-3.4426673010471704e-06,5.5863462640696705e-06,6.512425439987966e-05,2.695994396694805e-05,4.0361261300148296e-05,1.2490310393423636e-07,4.023635819621406e-05,0.3788774487465298,0.0027579521287985085,0.0021764032869843663,0.0016910760606996791,0.0021764032869843663,0.0008222566168760786,-0.001940613120299305,-0.0013484133472050103,0.002170669964081089,0.0028359744152770053,0.0016116965888859087,0.0023872874558924654,4.493999045019172e-05,0.0023423474654422735,0.8788774487465298,0.005402882777344325,0.004291545631833047,0.003455715664475461,0.004291545631833047,0.002043617964331097,-0.004758677836919911,-0.003415794020404483,0.00545941198473558,0.0056518530838305225,0.00313460987718558,0.0046288880815885305,0.00010393536694188375,0.004524952714646647
J1531-0105,12.99,13.120414364120492,0.0099895349658485,5.433,4.0,11.68000030517578,4.786304286528679,1.7892131127149071,0.999996658127392,0.0017882201169334,13.12976819927659,0.0107022031943002,J1531-0105,3.85,3.85,measured,0.0090100335817804,-0.010702203194300867,5.433,3.85,1.0,1.9015499999999999,0.0008227034555148147,9.18282777016704e-06,8.256178031986704e-06,4.69234577167528e-06,8.256178031986704e-06,1.7492378597872266e-06,-4.208645608643047e-06,-2.788305830505858e-06,4.5375436902930845e-06,0.00010737425232391138,4.451621636317434e-05,6.663797071102613e-05,2.202122527595277e-07,6.641775845826661e-05,0.7472016259398576,0.005223414259355596,0.004216127653858675,0.0033094724224301975,0.004216127653858675,0.0016679675928068863,-0.003966079311219207,-0.002705791060008341,0.004373758652815227,0.0113994690751252,0.006573293697531054,0.00972694708334566,0.00019961535285103224,0.009527331730494628,1.2472016259398575,0.007787038149599432,0.006309140617915177,0.0050290248367278615,0.006309140617915177,0.002905575940863458,-0.006848789300283837,-0.004773514463169993,0.007679090404033451,0.017097408296511657,0.00978851347312627,0.014454862124253155,0.0003325433853701383,0.014122318738883017
J1538+5817,6.28,8.278392513805192,0.2762788282244659,2.512,4.0,11.279999732971191,1.9054595463785964,1.7892131127149076,0.9999966581273918,0.0017882201169333,8.28466846407646,0.2770366531917232,J1538+5817,4.05,4.05,measured,0.0091004436738233,-0.2770366531917618,2.512,4.05,1.0,0.8792,0.0008906195156112843,1.0095728233227053e-05,9.048095829593342e-06,5.0937514884833895e-06,9.048095829593342e-06,1.8704838452780202e-06,-4.493969139341054e-06,-2.987966241771027e-06,4.858450087049047e-06,0.00025641913499447927,0.00010620771601536635,0.00015899150445050912,5.144591789402589e-07,0.00015847704527156888,1.6791276757907085,0.011891167880617608,0.00953040862943742,0.00744337717976236,0.00953040862943742,0.0037160160874007324,-0.008815665645004044,-0.006048398704598892,0.009764414791999625,0.05677666366893905,0.03260176141439609,0.04825600520070844,0.0009675955510751485,0.047288409649633295,2.179127675790708,0.01444444185405395,0.011578884586357774,0.00914906526676454,0.011578884586357774,0.004948661280892452,-0.011678310033111147,-0.00811633509045866,0.013064996371351112,0.06895437112582933,0.039681176367885575,0.05866944357270015,0.0012542792275691864,0.05741516434513096
J1614+4522,7.64,10.302708127808554,0.2990091825283558,7.761,4.0,11.470000267028809,2.951211041237279,1.7892131127149076,0.9999966581273918,0.0017882201169329,10.297792906348125,0.2985319881586115,J1614+4522,,4.0,default_4,0.0090800974320499,-0.2985319881586456,7.761,4.0,1.0,2.71635,0.000873861777043659,9.869365646423367e-06,8.85208139984868e-06,4.994765024573173e-06,8.85208139984868e-06,1.8408350224401747e-06,-4.42432098048959e-06,-2.9390191092711106e-06,4.779854131711285e-06,8.105190671870609e-05,3.357866064128635e-05,5.026641015614793e-05,1.6347221451044871e-07,5.010293794163749e-05,0.5389931011896525,0.0038057584299796996,0.0030554616613734727,0.0023886241717815597,0.0030554616613734727,0.0011952872645047113,-0.002837257200694625,-0.0019438918573242208,0.003139179121828932,0.005894001260911179,0.0033862366426774975,0.005012183514196949,0.00010059619337282258,0.004911587320824126,1.0389931011896527,0.006394422537572218,0.005162298441409567,0.004149547430486118,0.005162298441409567,0.002429147907668794,-0.005704787489101592,-0.004011804141573584,0.006440952049242378,0.01001088193640906,0.005667771821158167,0.008367943773452931,0.000193451210326908,0.008174492563126023
J1621+3931,19.146,13.426026491269225,-0.3548987178776008,5.817,4.0,11.699999809265137,5.011870135142811,1.7892131127149071,0.999996658127392,0.001788220116933,13.435580218778714,-0.3541873882825062,J1621+3931,4.35,4.35,measured,0.0091467975678433,0.3541873882825284,5.817,4.35,1.0,2.03595,0.0009879774559245266,1.1424379918451075e-05,1.0194047756324907e-05,5.667704122168531e-06,1.0194047756324907e-05,2.03935349819269e-06,-4.889164665425808e-06,-3.2682493273449544e-06,5.307602825537644e-06,0.0001259748611401177,5.2157086084196434e-05,7.808168285828709e-05,2.4563873321911443e-07,7.783604412506797e-05,0.7645629519916852,0.005508520359683302,0.004372546619395738,0.0034004909247076793,0.004372546619395738,0.0016717596851366467,-0.003953337780059374,-0.0027337009604872136,0.00440546064562386,0.011608352274191394,0.006624284230425483,0.009809178907949896,0.00018954718321879553,0.0096196317247311,1.264562951991685,0.008109378702635651,0.00644874454121598,0.005096880214410558,0.00644874454121598,0.0028974510931310295,-0.006788351826394409,-0.004801452546129709,0.007698903639260738,0.017187986291428765,0.009755230570369504,0.014416547740236731,0.0003128643408543279,0.014103683399382403
J1627-0053,14.221,13.4260513833606,-0.0575227927279895,6.736,4.0,11.699999809265137,5.011870135142811,1.7892131127149071,0.9999966581273916,0.0017882201169331,13.421917924817532,-0.0578307086473115,J1627-0053,3.65,3.65,measured,0.0088811327771943,0.05783070864731561,6.736,3.65,1.0,2.3575999999999997,0.0007525145929972625,8.25253660971486e-06,7.445261903700127e-06,4.277125158793092e-06,7.445261903700127e-06,1.62084621340409e-06,-3.905020960068058e-06,-2.5783638935482996e-06,4.19921010695239e-06,7.744075746408882e-05,3.2144938834094304e-05,4.8117033607748624e-05,1.6281086316252733e-07,4.79542227445861e-05,0.577634014086416,0.003979527657978207,0.003236826356254511,0.0025542540622951657,0.0032368263562545106,0.001301441434813119,-0.003102053695119235,-0.002103712044133244,0.003405153478946363,0.006895189386790115,0.003995628742432,0.005910526347901272,0.00012481898789908053,0.005785707360002191,1.077634014086416,0.0065365825825997185,0.005351366576123374,0.0043320659153400715,0.005351366576123374,0.0025442911034196836,-0.0060063054831633106,-0.004170858930515428,0.006715150033935111,0.01144345520438434,0.006538242620702156,0.009648059274261865,0.00023236097548092117,0.009415698298780945
J1630+4520,26.86,16.141633907960248,-0.5092362999222382,6.414,4.0,11.859999656677246,7.244353873869618,1.789213112714908,0.999996658127392,0.0017882201169332,16.153235445836,-0.5085178242877517,J1630+4520,4.6,4.6,measured,0.0091646506801271,0.5085178242877763,6.414,4.6,1.0,2.2449,0.0010648824154668374,1.2489119542783848e-05,1.1106823135642323e-05,6.127715534437158e-06,1.1106823135642323e-05,2.168776017609728e-06,-5.1903340521974395e-06,-3.484770018241467e-06,5.653546035851195e-06,0.0001253480755204796,5.189006631489624e-05,7.76841155179915e-05,2.394804047576066e-07,7.74446351132339e-05,0.7209404517577991,0.005259187474928993,0.004144344443188414,0.003221097203068804,0.004144344443188414,0.0015619540217285278,-0.003684533386713583,-0.002563282700200524,0.004125236721929052,0.010185702191671671,0.0057878675089462215,0.008572888445153703,0.00016162926982351395,0.008411259175330189,1.2209404517577989,0.007879807374601498,0.006217538346993042,0.004902470939267261,0.006217538346993042,0.0027822689587233725,-0.00649852932254469,-0.004630546512348799,0.007412815471072171,0.01536417287242823,0.008677127840792448,0.012825865878255639,0.0002731354987010219,0.012552730379554617
J1636+4707,14.455,12.386456200042662,-0.1544367417202705,6.132,4.0,11.630000114440918,4.265796312095559,1.789213112714907,0.999996658127392,0.0017882201169335,12.38274359768,-0.1547365174434096,J1636+4707,3.1500000000000004,3.1500000000000004,measured,0.0083253380787222,0.15473651744342098,6.132,3.1500000000000004,1.0,2.1462,0.0005688735922178141,5.890025940793848e-06,5.367216152967307e-06,3.192451374196254e-06,5.367216152967307e-06,1.2691336921012235e-06,-3.064683898654417e-06,-2.011850869750475e-06,3.2809845618516986e-06,5.972099038747779e-05,2.4914616459739865e-05,3.728859711060682e-05,1.357566511393212e-07,3.7152840459467504e-05,0.5587096033846155,0.0036772416358665113,0.0030586557064622723,0.0024467617305860487,0.0030586557064622723,0.0012921308522688166,-0.0031004621996722492,-0.002068061209403018,0.0033601920616718344,0.006599903167542306,0.00388651282221625,0.005741508157614621,0.00013366394770534905,0.005607844209909272,1.0587096033846153,0.006190540251166129,0.005196554161221857,0.004275374073251141,0.005196554161221857,0.0025493705613596203,-0.00606611065074854,-0.004131371594689943,0.006680742156049564,0.011273801118865487,0.006518926455911254,0.009606779280658846,0.00025282921832198667,0.00935395006233686
J1644+2625,7.438,9.83892259385558,0.2797442170721584,3.755,4.0,11.43000030517578,2.691536695250786,1.7892131127149071,0.9999966581273918,0.0017882201169333,9.84603584720837,0.2804669266154573,J1644+2625,,4.0,default_4,0.0090800974320547,-0.2804669266154903,3.755,4.0,1.0,1.31425,0.0008738617770436587,9.869365646423361e-06,8.852081399848668e-06,4.994765024573167e-06,8.852081399848668e-06,1.840835022440171e-06,-4.4243209804895855e-06,-2.9390191092711013e-06,4.7798541317112725e-06,0.00016752166392646517,6.940186024954004e-05,0.00010389283867426454,3.378715996845778e-07,0.00010355496707457997,1.113082494821319,0.00785829416868486,0.006309012152661312,0.004933380028524991,0.006309012152661312,0.0024685086750256087,-0.005859448549865015,-0.004014586150237419,0.006483094825263028,0.02504758661328493,0.014396326405019144,0.021307767572641214,0.0004293708872069497,0.020878396685434265,1.6130824948213187,0.010419684805265143,0.008376527234822628,0.0066385891567723775,0.008376527234822628,0.0037023693181898755,-0.008726978838272312,-0.006082498434487188,0.009784867752677064,0.03327687822200689,0.019111904173377305,0.028243601226990142,0.0006212877411565219,0.02762231348583362
J1719+2939,11.859,10.18468545245678,-0.152201907191992,4.451,4.0,11.460000038146973,2.8840317564502844,1.7892131127149071,0.999996658127392,0.0017882201169329,10.191886943941746,-0.1514950668417403,J1719+2939,,4.0,default_4,0.0090800974320544,0.15149506684175404,4.451,4.0,1.0,1.5578499999999997,0.0008738617770436591,9.869365646423363e-06,8.852081399848665e-06,4.99476502457317e-06,8.852081399848665e-06,1.8408350224401721e-06,-4.4243209804895855e-06,-2.939019109271103e-06,4.779854131711275e-06,0.00014132640935607193,5.854953611256404e-05,8.764718248076006e-05,2.850388355011463e-07,8.736214364525892e-05,0.9391671480231126,0.006630613601782547,0.005323377073552492,0.0041624685602907364,0.005323377073552492,0.0020827974153890733,-0.004943902186507645,-0.0033872874750486472,0.00547008489043772,0.01784281238244344,0.010254598598963495,0.01517780649852185,0.0003056332696793416,0.01487217322884251,1.4391671480231127,0.009197737950841573,0.007399176222706439,0.005867677688538391,0.007399176222706438,0.003316658058553284,-0.007811432474914845,-0.005455199759298288,0.008771857817851572,0.024835248911318202,0.014232804512283204,0.021029088316558687,0.00046754020892460197,0.020561548107634085
J2238-0754,7.462,10.068080908748328,0.2995466386702574,4.41,4.0,11.449999809265137,2.818381693478142,1.7892131127149071,0.9999966581273918,0.0017882201169332,10.075245963448234,0.3002580459812298,J2238-0754,2.85,2.85,measured,0.0077416824833195,-0.30025804598126443,4.41,2.85,1.0,1.5434999999999999,0.0004556763701494975,4.493003305657069e-06,4.1247026444194434e-06,2.52796515437794e-06,4.124702644419443e-06,1.0399139962196631e-06,-2.50884849747242e-06,-1.6508074874062329e-06,2.690721483625896e-06,6.249660751859342e-05,2.6270881797819748e-05,3.9312526426312934e-05,1.5115087339606211e-07,3.916137555291687e-05,0.7068032634701764,0.004487327525737441,0.0037939303505355616,0.003057771050236051,0.0037939303505355616,0.001664293537836847,-0.004011318386558166,-0.0026458557647892214,0.004310149302626068,0.01062667711316753,0.006340736501788462,0.00935528707356695,0.0002363432952286962,0.009118943778338254,1.2068032634701764,0.006963734759621065,0.005937920138809544,0.004907059703379017,0.005937920138809544,0.0029310618850641934,-0.007019972998144429,-0.004704274542112348,0.007635336427176541,0.01673258202581757,0.009843027578144257,0.014493432677101542,0.0004030508779419927,0.01409038179915955
J2300+0022,16.462,12.674988101556666,-0.2614240838068293,5.548,4.0,11.649999618530272,4.466831997992276,1.789213112714907,0.9999966581273916,0.0017882201169331,12.683990499772442,-0.2607140868676407,J2300+0022,4.05,4.05,measured,0.0091004436738294,0.2607140868676591,5.548,4.05,1.0,1.9418,0.0008906195156112847,1.009572823322706e-05,9.048095829593346e-06,5.0937514884833895e-06,9.048095829593344e-06,1.8704838452780223e-06,-4.493969139341057e-06,-2.9879662417710353e-06,4.858450087049058e-06,0.0001161003725858207,4.808828093558054e-05,7.198750165459261e-05,2.3293465347835947e-07,7.175456700111425e-05,0.7607557033950356,0.0053880283762927665,0.004318359497848317,0.003372030158264318,0.004318359497848317,0.0016835456381587813,-0.003993979053813488,-0.002740203498821635,0.004423749136980416,0.011685911054042195,0.00670812858251313,0.009929549184632134,0.00019849026666496057,0.009731058917967174,1.2607557033950354,0.007966748192380255,0.006403686525385403,0.0050777182452678826,0.006403686525385403,0.002916190831650206,-0.006856623441920071,-0.004808139884680748,0.007724330716330954,0.01737785848829154,0.009913516175009742,0.014644501814490049,0.00032829369048490353,0.014316208124005145
J2303+1422,11.687,13.581482000560516,0.1502301343415366,7.899,4.0,11.710000038146973,5.12861429039393,1.7892131127149071,0.9999966581273916,0.0017882201169332,13.576389459052969,0.1498551018891731,J2303+1422,3.55,3.55,measured,0.0088128866711814,-0.14985510188918508,7.899,3.55,1.0,2.76465,0.0007166320536460313,7.782458841047866e-06,7.0339650686747175e-06,4.06485605841269e-06,7.0339650686747175e-06,1.5539583267189657e-06,-3.7462131563318435e-06,-2.4696201505440193e-06,4.023578477262985e-06,6.210219449165857e-05,2.5796961165910045e-05,3.861399597837327e-05,1.3235375464845825e-07,3.8481642223724816e-05,0.48152706451380545,0.0032910777773871576,0.0026878104909009988,0.002126661878791202,0.0026878104909009988,0.0010901991463754274,-0.0026018284929947497,-0.0017589680925069607,0.0028491672388823884,0.004821430867322048,0.0028013608185923264,0.00414309250624569,8.886326225481931e-05,0.00405422924399087,0.9815270645138054,0.005846782980732362,0.0048163979820855995,0.0039335678030230185,0.0048163979820855995,0.0023357776584062837,-0.0055174531190777705,-0.003825657514547366,0.0061614351729536495,0.008687685528724436,0.004946675053685591,0.007296000113849654,0.0001807191029678201,0.007115281010881834
J2321-0939,3.814,11.96594941939619,1.1433865607536065,6.346,4.0,11.600000381469728,3.981075202376568,1.7892131127149076,0.999996658127392,0.0017882201169333,11.96196053716278,1.143053152421863,J2321-0939,4.25,4.25,measured,0.0091283829740377,-1.1430531524220418,6.346,4.25,1.0,2.2211,0.0009561374937975818,1.0987391651050077e-05,9.818004366815798e-06,5.4802465121492055e-06,9.818004366815798e-06,1.98475374109841e-06,-4.761665186991329e-06,-3.1773497774023132e-06,5.162103518500723e-06,0.00011087419664751276,4.590876937803153e-05,6.87267722406407e-05,2.1814305490921695e-07,6.850862918573149e-05,0.6893124711266797,0.004939648498273517,0.003933157891729953,0.0030591055938458765,0.003933157891729953,0.001513067468240806,-0.0035817906269758433,-0.0024704792459873818,0.003983546714228188,0.009493350927954652,0.005427163741666758,0.00803561870139126,0.00015683621388784509,0.007878782487503415,1.1893124711266796,0.007537315463309345,0.006018100513863659,0.004762994944958188,0.006018100513863659,0.0027410137878532775,-0.006425706542771871,-0.004538348608641238,0.007279362396494515,0.014587962796831869,0.008275427123017655,0.012226452700786535,0.00027001639915532694,0.011956436301631209
J2341+0000,14.021,13.897876068759452,-0.0088201780862533,7.353,4.0,11.729999542236328,5.3703123031766005,1.789213112714907,0.999996658127392,0.0017882201169334,13.893233739739696,-0.0091542654325249,J2341+0000,3.75,3.75,measured,0.008957452370558,0.009154265432525854,7.353,3.75,1.0,2.5735499999999996,0.0007878819495301651,8.719562831975183e-06,7.85285974511518e-06,4.486369613141953e-06,7.85285974511518e-06,1.68594058960233e-06,-4.059153028838317e-06,-2.6846093295710026e-06,4.370549919173333e-06,7.515291317809593e-05,3.1175240813992396e-05,4.666648811138029e-05,1.5599355544394274e-07,4.651049455593635e-05,0.5409174928423078,0.003754819255398395,0.0030421383096119934,0.0023940496071085888,0.0030421383096119934,0.0012129786697462586,-0.002887661603836444,-0.0019642530751485905,0.003177231744894849,0.006017019086283462,0.0034774362161773546,0.005145024152330296,0.00010692291541760968,0.005038101236912686,1.0409174928423077,0.0063229847039447395,0.005156844507055075,0.004172381430687336,0.005156844507055075,0.0024531720963707586,-0.005780948594124896,-0.0040317397913581365,0.006484911887728895,0.01024645781607172,0.005830364839202909,0.008604360577527788,0.00020528818556910528,0.008399072391958683
J2347-0005,33.608,15.5936405349847,-0.7679009607404739,6.281,4.0,11.829999923706056,6.760828566222668,1.7892131127149071,0.9999966581273918,0.0017882201169327,15.604854654732623,-0.7671820722067362,J2347-0005,4.45,4.45,measured,0.0091575699982224,0.7671820722067704,6.281,4.45,1.0,2.1983499999999996,0.0010192010103954687,1.1855125159672442e-05,1.0563905609926866e-05,5.851248141766498e-06,1.0563905609926864e-05,2.092314576699716e-06,-5.012585613947101e-06,-3.3566726928517696e-06,5.4489872695514855e-06,0.00012125216387120923,5.0198125405748526e-05,7.514991180002477e-05,2.344303605635089e-07,7.491548143946127e-05,0.7195794427076728,0.005211256397698316,0.004124240802205422,0.0032066676668847213,0.004124240802205422,0.0015674885657064232,-0.0037030179146228773,-0.002566936348202816,0.004134424913909239,0.01022992709124667,0.005827091697698009,0.00862968773699543,0.0001650216982958975,0.008464666038699532,1.219579442707673,0.007821605512922419,0.006201283177953378,0.004897321366020633,0.006201283177953378,0.0027909856005222185,-0.006529419309699068,-0.004634523092389804,0.007425508692912022,0.01545584078001605,0.008747845420291838,0.01292828225002556,0.0002790896082929815,0.012649192641732579
