xi,h0,j0,ground_state_energy,mean_single_site_entropy,max_single_site_entropy,mean_mutual_information,max_mutual_information,corr_rho_sigma,rmse_normalized,kl_rho_ent_to_sigma,kl_sigma_to_rho_ent,R_ent_fit,R_sigma_fit,R_d_target,R_d_relative_error,verdict
0.8,0.1,1.0,-1.2113965326325253,0.041529713733580616,0.12124976475731845,0.008149097636385147,0.1005932587490653,0.9764480630516457,0.20174119958204237,0.259153809367114,0.5330087616353145,0.9305465136557142,2.999999999747567,3.0,0.6898178287814286,weak_or_failed_closure
0.8,0.2,1.0,-2.4052444971096785,0.011426474146840277,0.03341982660179689,0.00215454443117475,0.028510144060498677,0.9756392104163145,0.20469678790522966,0.26840794308008803,0.5604059768387855,0.8914405567450701,2.999999999747567,3.0,0.7028531477516434,weak_or_failed_closure
0.8,0.3,1.0,-3.6034095748894184,0.005440346007410643,0.01592087812219809,0.0010153764603862655,0.013774235740875166,0.9754451933550339,0.2054252991300999,0.27081902634824545,0.5685873965518278,0.8815086819744901,2.999999999747567,3.0,0.70616377267517,weak_or_failed_closure
0.8,0.5,1.0,-6.00200727181206,0.002146758351835932,0.006286404107308413,0.00039779088224089283,0.005514919849409323,0.9752856092598627,0.20606038798881265,0.27300859944880973,0.5768379500390026,0.872904333279391,2.999999999747567,3.0,0.7090318889068697,weak_or_failed_closure
0.8,0.8,1.0,-9.601241789550558,0.0009124721252224003,0.002673474403246244,0.0001684393237731626,0.002368201185191378,0.9751772364823112,0.2065173886038301,0.27463971421386607,0.5835043804137408,0.8667654293132081,2.999999999747567,3.0,0.7110781902289306,weak_or_failed_closure
0.8,1.0,1.0,-12.000990128083497,0.0006073788308705344,0.0017800092458479474,0.00011197836799932079,0.001582734635582094,0.9751334024924005,0.20670805571551365,0.2753327299537719,0.5864529897342672,0.8642127040852389,2.999999999747567,3.0,0.7119290986382537,weak_or_failed_closure
1.2,0.1,1.0,-1.327779817947728,0.2672810883215837,0.7005195427128783,0.07546846823100359,0.5974130082313804,0.9980428409147031,0.09746877320845064,0.0794170642148232,0.15132088794316562,1.9635538546383997,2.999999999747567,3.0,0.34548204845386676,moderate_closure
1.2,0.2,1.0,-2.4506195113549416,0.08579354086381191,0.24086043857180367,0.018537245300784988,0.19269195722932386,0.9855606561157892,0.16329045117908736,0.164815079621118,0.2915909577039315,1.3250032687936093,2.999999999747567,3.0,0.5583322437354635,weak_or_failed_closure
1.2,0.3,1.0,-3.630499220859335,0.039113427418763544,0.11079541662653511,0.007931214820306643,0.08897139386202063,0.9825832043548444,0.17531526408277104,0.18791834128149895,0.3299714641939951,1.2077048459209938,2.999999999747567,3.0,0.5974317180263354,weak_or_failed_closure
1.2,0.5,1.0,-6.016924161803941,0.014752508267513079,0.04195826744352446,0.0028754445178786436,0.034187998531569175,0.9810007904381773,0.18136843273643083,0.20077863009324098,0.3524612838928691,1.1459549003297496,2.999999999747567,3.0,0.6180150332234168,weak_or_failed_closure
1.2,0.8,1.0,-9.61014764114028,0.006136571441498967,0.017484513358151273,0.0011740326093868981,0.014435440245739641,0.9803214084602967,0.1839237889325126,0.20654500580282997,0.3633506055259371,1.119172614854191,2.999999999747567,3.0,0.6269424617152697,weak_or_failed_closure
1.2,1.0,1.0,-12.008010407948309,0.004063370364386869,0.01158486722880285,0.0007729097969766776,0.009616377855193689,0.9801092577634498,0.18473210228580497,0.2084379546041647,0.3671928106664505,1.1106575408416837,2.999999999747567,3.0,0.6297808197194388,weak_or_failed_closure
1.6,0.1,1.0,-1.6224219161921822,0.47309642076955655,0.9374531464635889,0.21632918687425698,0.8821239961459282,0.9523912569665849,0.08150368564257376,0.040070899773303525,0.040199915331158,3.9545577591524954,2.999999999747567,3.0,0.3181859197174985,moderate_closure
1.6,0.2,1.0,-2.5892709920075982,0.24292408949738872,0.6111882258286135,0.07010254819545005,0.5017184039003607,0.9999614739761955,0.06953068446338358,0.052987675393288566,0.0926661315725284,2.2711318499208555,2.999999999747567,3.0,0.24295605002638151,moderate_closure
1.6,0.3,1.0,-3.7067449421828993,0.11877597761322438,0.3175997594715294,0.02825217674377468,0.24902204389247484,0.9946133613189774,0.11790219384851802,0.09563608042128949,0.16212253842550717,1.7492772295212933,2.999999999747567,3.0,0.4169075901595689,weak_or_failed_closure
1.6,0.5,1.0,-6.054721431835663,0.043039338978769354,0.11811204364495159,0.009120071295605468,0.09191539562589754,0.9888959204088145,0.14640690938063478,0.13275670355697278,0.21803736737109988,1.4769676651897619,2.999999999747567,3.0,0.507677444936746,weak_or_failed_closure
1.6,0.8,1.0,-9.63138553326566,0.017207198764105088,0.047602122799719544,0.0034743672660955275,0.03735235059425539,0.9864783116137974,0.15680460533433122,0.14912025086567682,0.2424301832066276,1.3780530767134687,2.999999999747567,3.0,0.5406489744288437,weak_or_failed_closure
1.6,1.0,1.0,-12.02442826575048,0.011244396725939508,0.031171293678167296,0.002238784276950146,0.024576087061270575,0.9858016952406821,0.1595969883095568,0.15382991760176837,0.2495969253803853,1.3512492018578255,2.999999999747567,3.0,0.5495835993807249,weak_or_failed_closure
2.0,0.1,1.0,-2.022565867808057,0.6187764657504384,0.9760767066901656,0.3768443884450099,0.9517820750765822,0.8535813796906562,0.14796864954631814,0.0833729825913431,0.07804469737964205,6.11569389390286,2.999999999747567,3.0,1.0385646313009531,weak_or_failed_closure
2.0,0.2,1.0,-2.841493365887089,0.4057442578002211,0.8472988773568928,0.16573588732563035,0.7473596915757849,0.971580987206331,0.06285242067917715,0.029497872757177645,0.03132489077765371,3.6388482116976486,2.999999999747567,3.0,0.2129494038992162,moderate_closure
2.0,0.3,1.0,-3.8513944842427215,0.23873593607628907,0.5747877556087961,0.07210556822253461,0.46040156207372895,0.998884024575344,0.04563331964100278,0.033357530715938305,0.051863693279553306,2.603604963238684,2.999999999747567,3.0,0.13213167892043862,strong_closure
2.0,0.5,1.0,-6.119986177625704,0.08857253308731838,0.23127595255343003,0.021064012882023926,0.17597921449496667,0.9969330339869742,0.10023749440137601,0.07280483097595689,0.11498353257721428,1.9161254733778537,2.999999999747567,3.0,0.36129150887404876,weak_or_failed_closure
2.0,0.8,1.0,-9.665394461733895,0.03398676181197412,0.09091276443337873,0.007343834773366306,0.0689046682424058,0.9927867323684578,0.1250380319864086,0.09974620807913556,0.15488692174926402,1.6717013220648542,2.999999999747567,3.0,0.44276622597838194,weak_or_failed_closure
2.0,1.0,1.0,-12.05007634144608,0.021844248539822298,0.058755898915856704,0.004598620430550684,0.04463861866875761,0.9915162888153359,0.13145870242557495,0.1078505475577239,0.16672395406445223,1.6103234320411284,2.999999999747567,3.0,0.4632255226529572,weak_or_failed_closure
2.5,0.1,1.0,-2.5879878373183884,0.7463996805763279,0.9882042835165255,0.5558093256954049,0.9762163866424451,0.7906174670831977,0.19024005223271748,0.15995584648422861,0.1491700313563718,9.825413943891258,2.999999999747567,3.0,2.2751379812970858,weak_or_failed_closure
2.5,0.2,1.0,-3.266061876165305,0.5559665089467768,0.9397168128449739,0.3071143183921743,0.8829508683412763,0.8946056150592754,0.12911532875800985,0.06375063664376351,0.05929297155270909,5.4557078149006655,2.999999999747567,3.0,0.8185692716335552,weak_or_failed_closure
2.5,0.3,1.0,-4.134587509138178,0.39732668778874664,0.8029271270950444,0.1651943685491066,0.6861237847431152,0.9644463287970418,0.07296242973145915,0.027506969531606293,0.0261659981946188,3.9397542270015933,2.999999999747567,3.0,0.3132514090005311,moderate_closure
2.5,0.5,1.0,-6.244701523701281,0.16923279105741204,0.4057934439115414,0.04820805178746823,0.30806514783114647,0.999207379741674,0.04180731226571335,0.02586798049924176,0.03692363694969263,2.6204813802090987,2.999999999747567,3.0,0.1265062065969671,strong_closure
2.5,0.8,1.0,-9.724713715604022,0.06258677754050625,0.15944337460191021,0.014916350466092016,0.1175178456703061,0.998537389925213,0.08268386847429646,0.05228477290699817,0.07627180601160763,2.0869289408883995,2.999999999747567,3.0,0.3043570197038668,moderate_closure
2.5,1.0,1.0,-12.09339371398055,0.039330165126935775,0.10151716948911553,0.008951761151977744,0.0746440008916831,0.9971151521601316,0.09482373006721775,0.06282878652134855,0.09145482156204002,1.9592390610323567,2.999999999747567,3.0,0.34692031298921444,moderate_closure
3.0,0.1,1.0,-3.1731514881746965,0.83473315595297,0.9926331802240798,0.6975298107554069,0.9851853262438908,0.7692550011167791,0.21712554943465803,0.23142336454314025,0.20687791363932662,15.841814093818495,2.999999999747567,3.0,4.2806046979394985,weak_or_failed_closure
3.0,0.2,1.0,-3.744773725811234,0.6606158256780343,0.9661704682085847,0.4361770915996298,0.9322317646700558,0.8405073043285163,0.166193202445984,0.11395955959688363,0.10770455523804445,7.539173925493462,2.999999999747567,3.0,1.5130579751644875,weak_or_failed_closure
3.0,0.3,1.0,-4.500627748366916,0.521908671874254,0.9003022836150572,0.27526137818022833,0.8156592572922667,0.9107855114869415,0.12314742937781066,0.058273317618188505,0.05453618031468457,5.358891925385205,2.999999999747567,3.0,0.786297308461735,weak_or_failed_closure
3.0,0.5,1.0,-6.420909243557792,0.2689723596878593,0.5810672588138202,0.09350283082765731,0.4513457783837864,0.9854665216865486,0.04551314924904873,0.015451933837720037,0.015887202444084397,3.4615589820636594,2.999999999747567,3.0,0.1538529940212198,strong_closure
3.0,0.8,1.0,-9.801582047975085,0.0993783743835423,0.23964270861046205,0.02633788874532994,0.17393872566363722,0.9998491803687799,0.04393300115655501,0.022958628352338147,0.03104320781887178,2.545251407085226,2.999999999747567,3.0,0.1515828643049247,strong_closure
3.0,1.0,1.0,-12.147418367334094,0.061097291250624276,0.15091288172803086,0.015093589999065956,0.10852227790845384,0.999811038408419,0.060280170079955425,0.03219007687662202,0.043960318330057015,2.3271699026507457,2.999999999747567,3.0,0.2242766991164181,moderate_closure
4.0,0.1,1.0,-4.298515824165074,0.9259005357818827,0.9959964284696545,0.8578984453334939,0.991967134892219,0.76306009131148,0.2437244304668746,0.31154746204774963,0.2669922535777476,37.570887948958024,2.999999999747567,3.0,11.523629316319342,weak_or_failed_closure
4.0,0.2,1.0,-4.720093179828939,0.7965438506467316,0.9827489807082141,0.636553024205664,0.9653271531802416,0.7979940877508014,0.20834915787118077,0.21016358025728332,0.1891047641405969,13.559633005232175,2.999999999747567,3.0,3.519877668410725,weak_or_failed_closure
4.0,0.3,1.0,-5.319549761251224,0.6803597522540716,0.9562259209081326,0.4660010444907791,0.9128453887066187,0.8434358569771216,0.17632682840893266,0.1369726396534764,0.12768350011909185,8.639502053281193,2.999999999747567,3.0,1.8798340177603976,weak_or_failed_closure
4.0,0.5,1.0,-6.907961611133483,0.46107190395310876,0.8104774028540946,0.22618163820808632,0.6841368113565376,0.9296692409505547,0.11793961897157385,0.05449660790467994,0.05150952431075827,5.347140986066041,2.999999999747567,3.0,0.7823803286886802,weak_or_failed_closure
4.0,0.8,1.0,-10.005306144508626,0.19457927497520108,0.4165529443648361,0.0640285135045977,0.30221762378481176,0.987775400153306,0.04459720461057434,0.01069797603400651,0.010315544703321435,3.557940210558025,2.999999999747567,3.0,0.18598007018600837,strong_closure
4.0,1.0,1.0,-12.282559170209742,0.11615478262939057,0.26203197471893863,0.03373739880139197,0.18429693458601892,0.9961670909224031,0.02371349035967076,0.007649291983052781,0.008491395429735052,3.0951870672511417,2.999999999747567,3.0,0.031729022417047226,strong_closure
