geometry,perturbation_strength,r_min,r_max,r_mid,n_edges,mean_delta_kappa,median_delta_kappa,mean_abs_delta_kappa,mean_phi_edge
flat_torus2d,-0.3,0.0,0.06643841132959157,0.03321920566479578,30,-0.009466622965620227,-0.00992111747048885,0.009466622965620227,0.8769911177755909
flat_torus2d,-0.3,0.06643841132959157,0.13287682265918313,0.09965761699438735,41,-0.006450399278821793,-0.0065973931980065625,0.006487122287000974,0.7603005536846755
flat_torus2d,-0.3,0.13287682265918313,0.1993152339887747,0.1660960283239789,105,-0.002808234042665788,-0.0029310426189599337,0.003988481029788296,0.5713797725353335
flat_torus2d,-0.3,0.1993152339887747,0.26575364531836626,0.23253443965357048,97,-0.00017006737100699773,-0.0005585792186608707,0.00318389361085492,0.36705645142413845
flat_torus2d,-0.3,0.26575364531836626,0.3321920566479578,0.29897285098316206,110,0.0011999420306042538,0.0016749377617374939,0.0028354821672531795,0.23919011563168308
flat_torus2d,-0.3,0.3321920566479578,0.3986304679775494,0.3654112623127536,151,0.0011426651268627123,0.0010127330974657456,0.002166061150332933,0.14049848966820153
flat_torus2d,-0.3,0.3986304679775494,0.46506887930714097,0.43184967364234517,190,0.0013676635533417755,0.001199436431745693,0.0017006625002861605,0.07009501601807443
flat_torus2d,-0.3,0.46506887930714097,0.5315072906367325,0.4982880849719368,100,0.0009968837964055188,0.0009663546029468617,0.0011303412911407794,0.032715633688743376
flat_torus2d,-0.3,0.5315072906367325,0.5979457019663241,0.5647264963015284,56,0.0006659096022678766,0.00043873753866313647,0.0006673198598565605,0.015522455744138217
flat_torus2d,-0.3,0.5979457019663241,0.6643841132959156,0.6311649076311199,17,0.0005057382296242321,0.0005373734661497931,0.0005057382296242321,0.0059540896199660066
flat_torus2d,-0.15,0.0,0.06643841132959157,0.03321920566479578,23,-0.004287385861459661,-0.004584629035802812,0.004287385861459661,0.8883780970246743
flat_torus2d,-0.15,0.06643841132959157,0.13287682265918313,0.09965761699438735,43,-0.002985328137780374,-0.0032784805402197303,0.002985328137780374,0.7610147919238445
flat_torus2d,-0.15,0.13287682265918313,0.1993152339887747,0.1660960283239789,94,-0.001633872459887819,-0.0016498206033211948,0.0019395728737052506,0.592365237688893
flat_torus2d,-0.15,0.1993152339887747,0.26575364531836626,0.23253443965357048,97,-0.00026404025457726107,-0.0002604420584423339,0.001436967278150718,0.3753897019573739
flat_torus2d,-0.15,0.26575364531836626,0.3321920566479578,0.29897285098316206,102,0.00031278454140419007,0.0002901566348995077,0.0012038323688899628,0.24029940616717402
flat_torus2d,-0.15,0.3321920566479578,0.3986304679775494,0.3654112623127536,163,0.0007252870064035602,0.000805044718376724,0.0011772393390621424,0.1332120484733126
flat_torus2d,-0.15,0.3986304679775494,0.46506887930714097,0.43184967364234517,181,0.0007674323102157939,0.0007025382714251904,0.000918473230116936,0.07085029661737834
flat_torus2d,-0.15,0.46506887930714097,0.5315072906367325,0.4982880849719368,117,0.0004616746732001943,0.0003511130872694279,0.0005493856624080516,0.03347469154849838
flat_torus2d,-0.15,0.5315072906367325,0.5979457019663241,0.5647264963015284,59,0.00032265373697071276,0.00027880693855930616,0.0003245938789184137,0.01435572478634394
flat_torus2d,-0.15,0.5979457019663241,0.6643841132959156,0.6311649076311199,17,0.00025434191504837474,0.0002441761665625819,0.00025434191504837474,0.005170840145585023
flat_torus2d,0.15,0.0,0.06643841132959157,0.03321920566479578,23,0.0033715328453372477,0.0035850356411283313,0.0033715328453372477,0.8883780970246743
flat_torus2d,0.15,0.06643841132959157,0.13287682265918313,0.09965761699438735,43,0.002474612138130481,0.002502565341244045,0.002474612138130481,0.7610147919238445
flat_torus2d,0.15,0.13287682265918313,0.1993152339887747,0.1660960283239789,94,0.001441341624874318,0.001503738400907395,0.001592365143614945,0.592365237688893
flat_torus2d,0.15,0.1993152339887747,0.26575364531836626,0.23253443965357048,97,0.00020170840841356676,0.00017969508380555332,0.001193594150490074,0.3753897019573739
flat_torus2d,0.15,0.26575364531836626,0.3321920566479578,0.29897285098316206,102,-0.00034375859514498787,-0.00032887063948672246,0.001094346429779321,0.24029940616717402
flat_torus2d,0.15,0.3321920566479578,0.3986304679775494,0.3654112623127536,163,-0.0007959725793195054,-0.0007715191037915847,0.0011304022531132274,0.1332120484733126
flat_torus2d,0.15,0.3986304679775494,0.46506887930714097,0.43184967364234517,181,-0.0008255115982322618,-0.0008297058917664524,0.0009522814093402436,0.07085029661737834
flat_torus2d,0.15,0.46506887930714097,0.5315072906367325,0.4982880849719368,117,-0.0005031515952975409,-0.000478298887273354,0.0005786095548258307,0.03347469154849838
flat_torus2d,0.15,0.5315072906367325,0.5979457019663241,0.5647264963015284,59,-0.00034551672438300326,-0.0002910314320130336,0.00034667982667233174,0.01435572478634394
flat_torus2d,0.15,0.5979457019663241,0.6643841132959156,0.6311649076311199,17,-0.0002596232796935066,-0.000248115856140263,0.0002596232796935066,0.005170840145585023
flat_torus2d,0.3,0.0,0.06643841132959157,0.03321920566479578,30,0.00599271740339465,0.0060757179624423285,0.00599271740339465,0.8769911177755909
flat_torus2d,0.3,0.06643841132959157,0.13287682265918313,0.09965761699438735,41,0.004583482277239785,0.004587016182161285,0.004583482277239785,0.7603005536846755
flat_torus2d,0.3,0.13287682265918313,0.1993152339887747,0.1660960283239789,105,0.0024620888604161397,0.0024882031440445207,0.002737448642024527,0.5713797725353335
flat_torus2d,0.3,0.1993152339887747,0.26575364531836626,0.23253443965357048,97,0.00037889255279021175,0.0006119616066918576,0.002176405012422966,0.36705645142413845
flat_torus2d,0.3,0.26575364531836626,0.3321920566479578,0.29897285098316206,110,-0.0009080540694315741,-0.001274259037612191,0.0021586601758383167,0.23919011563168308
flat_torus2d,0.3,0.3321920566479578,0.3986304679775494,0.3654112623127536,151,-0.0011855479556702668,-0.0011455816378280748,0.0019072482686571478,0.14049848966820153
flat_torus2d,0.3,0.3986304679775494,0.46506887930714097,0.43184967364234517,190,-0.0014255353639618337,-0.0013821824640102287,0.0016826806223106518,0.07009501601807443
flat_torus2d,0.3,0.46506887930714097,0.5315072906367325,0.4982880849719368,100,-0.0010615300242353032,-0.0010425479555057904,0.0011640737988373962,0.032715633688743376
flat_torus2d,0.3,0.5315072906367325,0.5979457019663241,0.5647264963015284,56,-0.0007013449080309189,-0.00045430288504832994,0.0007029266499279671,0.015522455744138217
flat_torus2d,0.3,0.5979457019663241,0.6643841132959156,0.6311649076311199,17,-0.0005123520153442425,-0.0005341294600623714,0.0005123520153442425,0.0059540896199660066
sphere,-0.3,0.0,0.29436271943901393,0.14718135971950697,39,-0.007846194502886084,-0.00811419792739776,0.007846194502886084,0.8821922417562197
sphere,-0.3,0.29436271943901393,0.5887254388780279,0.4415440791585209,70,-0.0045698862082542745,-0.004224605879440846,0.004710823605382545,0.7143840655378279
sphere,-0.3,0.5887254388780279,0.8830881583170418,0.7359067985975348,96,-0.00014009740997013875,0.0004674369976425119,0.0029285287501931282,0.4870780851940544
sphere,-0.3,0.8830881583170418,1.1774508777560557,1.0302695180365489,131,0.00046001197695272377,0.0005827485963811885,0.0019358335668369358,0.3075908132704062
sphere,-0.3,1.1774508777560557,1.4718135971950697,1.3246322374755626,122,0.0019006789905626317,0.0020433726702121513,0.002129909427382349,0.15177690374152691
sphere,-0.3,1.4718135971950697,1.7661763166340836,1.6189949569145767,130,0.0013172490949208077,0.0013669336578840952,0.001348230851756953,0.06524393298299432
sphere,-0.3,1.7661763166340836,2.0605390360730977,1.9133576763535907,122,0.0008309658004342767,0.0008615880434591494,0.0008310304372494009,0.024010148054880793
sphere,-0.3,2.0605390360730977,2.3549017555121114,2.2077203957926046,90,0.0004305754213547644,0.00042468045441257374,0.0004305754213547644,0.008445517042705231
sphere,-0.3,2.3549017555121114,2.649264474951125,2.5020831152316183,69,0.0002007372124219238,0.00018226721417879954,0.0002007372124219238,0.0023258979551024754
sphere,-0.3,2.649264474951125,2.9436271943901393,2.7964458346706325,30,8.754161751215462e-05,8.855384604899985e-05,8.754161751215462e-05,0.0006244398562743901
sphere,-0.15,0.0,0.29436271943901393,0.14718135971950697,35,-0.0034469121949768367,-0.0033999360743242057,0.0034469121949768367,0.8919141791002986
sphere,-0.15,0.29436271943901393,0.5887254388780279,0.4415440791585209,73,-0.0023152506002154954,-0.0023164043703085557,0.002331400255204643,0.7205523405121453
sphere,-0.15,0.5887254388780279,0.8830881583170418,0.7359067985975348,120,-0.00030305695537713727,-0.00019290780839775756,0.0012058278757985717,0.5033699020392647
sphere,-0.15,0.8830881583170418,1.1774508777560557,1.0302695180365489,124,0.0002792824937605046,0.0004780919106535664,0.0008508216798370162,0.2984289596290216
sphere,-0.15,1.1774508777560557,1.4718135971950697,1.3246322374755626,108,0.0006825258967045189,0.0008416716754713338,0.0008521911582052556,0.15638169104002664
sphere,-0.15,1.4718135971950697,1.7661763166340836,1.6189949569145767,131,0.0006404945287099994,0.0006377744439145516,0.0006543964125030346,0.06651126305677779
sphere,-0.15,1.7661763166340836,2.0605390360730977,1.9133576763535907,120,0.00041494375297828343,0.0004150027389163147,0.00041494375297828343,0.022898776398042046
sphere,-0.15,2.0605390360730977,2.3549017555121114,2.2077203957926046,91,0.00022186062953552857,0.00021458069538626834,0.00022186062953552857,0.008316470803721816
sphere,-0.15,2.3549017555121114,2.649264474951125,2.5020831152316183,65,9.134964295831434e-05,8.332737380700728e-05,9.134964295831434e-05,0.00227656442073085
sphere,-0.15,2.649264474951125,2.9436271943901393,2.7964458346706325,32,4.0850569191175357e-05,4.099972857629641e-05,4.0850569191175357e-05,0.0005800147386627482
sphere,0.15,0.0,0.29436271943901393,0.14718135971950697,35,0.002741765831766212,0.0026876885614706136,0.002741765831766212,0.8919141791002986
sphere,0.15,0.29436271943901393,0.5887254388780279,0.4415440791585209,73,0.0020321883735491095,0.0020543955618514964,0.002035739363342696,0.7205523405121453
sphere,0.15,0.5887254388780279,0.8830881583170418,0.7359067985975348,120,0.0004289217270057849,0.00034879883875421624,0.0009780789127610795,0.5033699020392647
sphere,0.15,0.8830881583170418,1.1774508777560557,1.0302695180365489,124,-0.00015762436029197416,-0.0003566857665466827,0.0007052650091702369,0.2984289596290216
sphere,0.15,1.1774508777560557,1.4718135971950697,1.3246322374755626,108,-0.0006192062516713984,-0.0007588290726714408,0.0007745707392735417,0.15638169104002664
sphere,0.15,1.4718135971950697,1.7661763166340836,1.6189949569145767,131,-0.0006136756520715008,-0.000614486932548397,0.0006266831231304768,0.06651126305677779
sphere,0.15,1.7661763166340836,2.0605390360730977,1.9133576763535907,120,-0.00040923105248366436,-0.00041012129452466795,0.00040923105248366436,0.022898776398042046
sphere,0.15,2.0605390360730977,2.3549017555121114,2.2077203957926046,91,-0.000220495106659833,-0.00021319347212334083,0.000220495106659833,0.008316470803721816
sphere,0.15,2.3549017555121114,2.649264474951125,2.5020831152316183,65,-9.122298468858729e-05,-8.31356805893746e-05,9.122298468858729e-05,0.00227656442073085
sphere,0.15,2.649264474951125,2.9436271943901393,2.7964458346706325,32,-4.083322076146867e-05,-4.0984315624992274e-05,4.083322076146867e-05,0.0005800147386627482
sphere,0.3,0.0,0.29436271943901393,0.14718135971950697,39,0.004980607715350309,0.00501465041716731,0.004980607715350309,0.8821922417562197
sphere,0.3,0.29436271943901393,0.5887254388780279,0.4415440791585209,70,0.0036272100648756128,0.0036705083841384045,0.003627227895576874,0.7143840655378279
sphere,0.3,0.5887254388780279,0.8830881583170418,0.7359067985975348,96,0.0007086248567416582,0.00021428053547578596,0.0018250301276314096,0.4870780851940544
sphere,0.3,0.8830881583170418,1.1774508777560557,1.0302695180365489,131,-1.5223652240822168e-05,-7.876213465707327e-05,0.0013499815010400921,0.3075908132704062
sphere,0.3,1.1774508777560557,1.4718135971950697,1.3246322374755626,122,-0.0015597306125082222,-0.0017671575184503574,0.0017540999377373176,0.15177690374152691
sphere,0.3,1.4718135971950697,1.7661763166340836,1.6189949569145767,130,-0.0012184996419587308,-0.0012814774773707294,0.0012455444531879925,0.06524393298299432
sphere,0.3,1.7661763166340836,2.0605390360730977,1.9133576763535907,122,-0.0008077750305396943,-0.0008291424551206683,0.0008077750305396943,0.024010148054880793
sphere,0.3,2.0605390360730977,2.3549017555121114,2.2077203957926046,90,-0.0004250818479735173,-0.00042036609189999297,0.0004250818479735173,0.008445517042705231
sphere,0.3,2.3549017555121114,2.649264474951125,2.5020831152316183,69,-0.00020017466338476402,-0.00018649882863697176,0.00020017466338476402,0.0023258979551024754
sphere,0.3,2.649264474951125,2.9436271943901393,2.7964458346706325,30,-8.745512041201294e-05,-8.845326531636832e-05,8.745512041201294e-05,0.0006244398562743901
